ACCIDENT_YEAR,COLLISION_DATE,COLLISION_TIME,MONTH,SEASON,24HOURS,DAY_OF_WEEK,INTERSECTION,WEATHER_1,STATE_HWY_IND,ROAD_SURFACE,ROAD_COND_1,LIGHTING,STWD_VEHTYPE_AT_FAULT,CHP_VEHTYPE_AT_FAULT,DIRECTION,PCF_VIOL_CATEGORY,TYPE_OF_COLLISION,PEDESTRIAN_ACCIDENT,BICYCLE_ACCIDENT,MOTORCYCLE_ACCIDENT,TRUCK_ACCIDENT,MVIW,TOW_AWAY,HIT_AND_RUN,CONTROL_DEVICE,NUMBER_INJURED,COUNT_PED_INJURED,COUNT_BICYCLIST_INJURED,COUNT_MC_INJURED,PCF_VIOLATION,PARTY_COUNT,POINT_Y,POINT_X,COLLISION_SEVERITY
2011,2011-04-30,1133,4,1,11,6,N,A,N,A,H,A,A,,S,03,D,,,,,C,Y,N,A,2,0,0,0,22350.0,2,38.72923242,-120.84563613,3
2011,2011-05-15,204,5,1,2,7,N,C,N,B,H,C,A,,N,01,E,,,,,I,Y,N,D,1,0,0,0,23152.0,1,38.73557237,-120.80886784,4
2011,2011-05-05,1850,5,1,18,4,Y,A,N,A,H,A,D,,,04,C,,,,,C,N,N,A,2,0,0,0,21703.0,2,38.73023,-120.79109,4
2011,2011-05-13,2030,5,1,20,5,N,B,N,A,H,B,A,01,N,17,B,,,,,C,N,F,D,2,0,0,0,21662.0,2,38.82503329,-120.80585856,3
2011,2011-06-28,1650,6,2,16,2,N,B,Y,B,H,A,A,01,S,03,E,,,,,I,Y,N,D,1,0,0,0,22350.0,1,38.91069256,-121.03459306,4
2011,2011-06-28,2359,6,2,23,2,N,B,N,B,H,C,A,01,E,01,F,,,,,A,Y,N,D,1,0,0,0,23152.0,1,38.67791288,-120.76372575,3
2011,2011-06-20,1050,6,2,10,1,N,A,N,A,H,A,A,01,S,09,D,,,,,C,Y,N,D,2,0,0,0,21801.0,2,38.698538,-120.82303098,3
2011,2011-06-08,1720,6,2,17,3,N,A,N,A,H,A,A,01,W,03,E,,,,,I,Y,N,D,1,0,0,0,22350.0,1,,,3
2011,2011-07-09,2200,7,2,22,6,N,A,N,A,H,A,A,01,S,01,F,,,,,A,Y,N,D,1,0,0,0,23152.0,1,38.79704311,-120.72924074,4
2011,2011-06-08,1315,6,2,13,3,N,A,Y,A,H,A,A,07,N,05,B,,,,,C,Y,N,D,3,0,0,0,21460.0,3,38.91067618,-121.01889288,3
2011,2011-06-14,2000,6,2,20,2,N,A,Y,A,H,D,A,01,E,08,E,,,,,I,Y,N,D,2,0,0,0,22107.0,1,38.78851287,-120.20115992,4
2011,2011-06-01,1820,6,2,18,3,N,F,Y,B,D,A,A,01,E,- ,E,,,,,I,Y,N,D,1,0,0,0,,1,38.65532745,-121.06385848,3
2011,2011-06-04,1800,6,2,18,6,N,C,N,B,H,A,A,01,N,03,E,,,,,I,Y,N,D,2,0,0,0,22350.0,1,38.66398853,-121.07467558,3
2011,2011-06-23,1220,6,2,12,4,N,A,N,A,H,A,E,22,E,09,D,,,,,C,Y,N,D,1,0,0,0,21804.0,2,38.70257563,-121.1043187,3
2011,2011-07-18,25,7,2,0,1,N,A,Y,A,H,D,D,22,E,01,E,,,,,I,Y,N,D,1,0,0,0,23152.0,1,38.65739597,-120.9915284,3
2011,2011-06-06,2050,6,2,20,1,Y,B,Y,B,H,C,A,01,,09,D,,,,,C,Y,N,B,2,0,0,0,21801.0,2,38.89083271,-121.00148196,3
2011,2011-06-17,1805,6,2,18,5,Y,A,N,A,A,A,A,01,,09,C,,,,,A,Y,N,D,3,0,0,0,21801.0,2,38.76034,-121.04367,4
2011,2011-06-18,1130,6,2,11,6,N,A,Y,A,H,A,C,02,S,08,F,,,Y,,A,N,N,D,2,0,0,2,22107.0,1,38.61154716,-120.85275344,4
2011,2011-06-16,1300,6,2,13,4,N,A,Y,A,H,A,C,02,N,08,F,,,Y,,A,Y,N,D,1,0,0,1,22107.0,1,38.80814468,-120.89723888,3
2011,2011-06-19,455,6,2,4,7,N,A,N,A,H,A,A,01,S,01,F,,,,,A,Y,N,D,1,0,0,0,23152.0,1,38.59607415,-120.96032636,3
2011,2011-06-27,1435,6,2,14,1,N,A,N,A,H,A,D,22,S,08,D,,,,,C,N,N,D,1,0,0,0,22100.0,2,38.91045935,-120.00297888,4
2011,2011-06-12,30,6,2,0,7,N,A,N,A,H,D,A,01,S,01,E,,,,,I,Y,N,D,1,0,0,0,23152.0,1,38.68560713,-120.84318107,3
2011,2011-06-07,2145,6,2,21,2,N,B,N,A,H,E,A,07,N,01,E,,,,,I,N,N,D,1,0,0,0,23152.0,1,38.77299036,-120.92417812,4
2011,2011-06-17,455,6,2,4,5,N,A,Y,A,H,B,A,07,E,01,E,,,,,I,Y,N,D,1,0,0,0,23152.0,1,38.65728175,-120.98713737,4
2011,2011-06-19,1258,6,2,12,7,N,A,N,A,H,A,A,07,N,01,E,,,,,I,Y,N,D,1,0,0,0,23152.0,1,38.70125048,-120.82303462,3
2011,2011-06-17,300,6,2,3,5,N,A,N,A,H,D,A,01,S,01,E,,,,,I,Y,F,D,2,0,0,0,23152.0,1,38.68702266,-121.0801786,3
2011,2011-07-02,930,7,2,9,6,N,A,Y,A,H,A,A,08,S,08,B,,Y,,,G,N,N,D,1,0,1,0,22107.0,2,38.83071276,-120.99557638,3
2011,2011-07-03,1840,7,2,18,7,N,A,Y,A,H,A,A,01,W,07,D,,,,,C,Y,N,D,2,0,0,0,21658.0,2,38.74013391,-120.69688448,3
2011,2011-05-23,1325,5,1,13,1,N,A,N,A,H,A,A,01,S,03,G,Y,,,,B,N,N,D,1,1,0,0,22350.0,2,38.70631534,-121.06443465,2
2011,2011-06-30,1150,6,2,11,4,N,A,Y,A,H,A,A,01,S,05,E,,,,,I,Y,N,D,1,0,0,0,21650.0,1,38.7552302,-120.82477705,3
2011,2011-06-18,100,6,2,1,6,N,A,N,A,H,D,A,07,E,01,E,,,,,I,Y,N,D,1,0,0,0,23152.0,1,38.66143756,-120.93992534,4
2011,2011-07-16,1330,7,2,13,6,N,A,Y,A,H,A,-,- ,S,00,E,,,Y,,J,Y,N,D,1,0,0,1,,1,38.59851919,-120.84890221,3
2011,2011-07-30,2120,7,2,21,6,N,A,Y,A,D,D,A,01,W,03,B,,,,,E,Y,N,D,1,0,0,0,22350.0,2,38.65863516,-121.04810306,4
2011,2011-07-26,1150,7,2,11,2,Y,A,N,A,H,A,D,22,,06,C,,,,,C,Y,N,D,1,0,0,0,21750.0,2,38.639988,-121.0752,4
2011,2011-07-14,901,7,2,9,4,N,A,Y,A,D,A,A,01,E,03,C,,,,,C,Y,N,D,2,0,0,0,22350.0,3,38.6575273,-121.05724665,3
2011,2011-06-17,1405,6,2,14,5,N,A,Y,A,H,A,A,01,E,21,C,,,,,C,N,N,D,1,0,0,0,22106.0,2,38.70317518,-120.86065303,4
2011,2011-07-02,1050,7,2,10,6,Y,A,N,A,H,A,A,08,,09,D,,,,,C,Y,N,A,2,0,0,0,21802.0,2,38.7141,-121.07773,4
2011,2011-07-28,150,7,2,1,4,N,A,Y,A,H,D,D,22,N,01,F,,,,,A,Y,N,D,1,0,0,0,23152.0,1,38.9490283,-120.09164744,4
2011,2011-07-21,1700,7,2,17,4,N,A,N,A,H,A,A,01,N,01,A,,,,,D,Y,N,D,1,0,0,0,23152.0,2,38.75156344,-121.05659723,4
2011,2011-07-27,1355,7,2,13,3,N,A,N,A,H,A,A,01,E,01,B,,,,,I,Y,N,D,1,0,0,0,23152.0,1,38.94193266,-120.73580135,3
2011,2011-08-02,1150,8,2,11,2,N,A,N,A,H,A,A,07,W,03,C,,,,,C,Y,N,D,3,0,0,0,22350.0,3,38.70342936,-121.03149641,4
2011,2011-08-08,420,8,2,4,1,N,A,N,A,H,D,D,22,S,01,E,,,,,I,Y,N,D,1,0,0,0,23152.0,1,38.76269496,-121.04265332,3
2011,2011-08-15,240,8,2,2,1,Y,A,N,A,H,C,D,22,,01,-,,,,,C,Y,N,A,1,0,0,0,23152.0,2,38.67540205,-121.07772052,4
2011,2011-06-24,1630,6,2,16,5,Y,A,N,A,H,A,A,01,,12,D,,,,,C,Y,N,A,2,0,0,0,21453.0,2,38.701314,-121.1068215,4
2011,2011-07-02,300,7,2,3,6,N,A,N,A,H,D,A,01,E,01,F,,,,,A,Y,N,D,3,0,0,0,23152.0,1,38.71368962,-121.04973972,3
2011,2011-07-31,2100,7,2,21,7,N,A,N,A,H,D,D,22,W,01,E,,,,,-,Y,N,D,3,0,0,0,23152.0,1,38.65407151,-120.66520751,3
2011,2011-08-05,815,8,2,8,5,N,A,Y,A,D,A,A,01,W,03,C,,,,,C,N,N,D,1,0,0,0,22350.0,2,38.65510561,-121.04132005,4
2011,2011-07-18,1115,7,2,11,1,N,A,N,A,H,A,D,22,N,03,C,,,,,C,N,N,A,1,0,0,0,22350.0,2,38.71086693,-120.83877564,4
2011,2011-07-30,704,7,2,7,6,N,A,N,A,H,B,D,22,N,08,F,,,,,A,Y,N,D,1,0,0,0,22107.0,1,38.79761556,-120.39885145,4
2011,2011-07-24,1225,7,2,12,7,N,A,N,A,H,A,A,07,N,03,C,,,,,C,Y,N,D,1,0,0,0,22350.0,3,38.7608447,-120.57560027,4
2011,2011-07-08,1230,7,2,12,5,N,A,N,A,H,A,-,- ,W,00,F,,Y,,,A,N,N,D,1,0,1,0,,1,38.93354,-120.05826,3
2011,2011-07-08,1817,7,2,18,5,N,A,Y,A,H,A,A,07,W,01,E,,,,,I,Y,N,A,1,0,0,0,23152.0,1,38.85068325,-120.02317088,4
2011,2011-07-12,1700,7,2,17,2,N,A,N,A,H,A,C,02,N,03,E,,,Y,,I,Y,N,D,1,0,0,1,22350.0,1,38.85357117,-120.03512096,2
2011,2011-08-26,1255,8,2,12,5,N,A,N,A,H,A,D,22,S,05,E,,,,,I,Y,N,D,1,0,0,0,21650.0,1,38.89596731,-120.8426973,3
2011,2011-08-15,900,8,2,9,1,N,A,Y,A,H,A,-,- ,W,18,E,,,,,I,Y,N,D,1,0,0,0,,1,38.68696465,-120.90851085,2
2011,2011-08-14,2320,8,2,23,7,N,A,Y,A,H,D,A,01,E,08,E,,,,,I,Y,N,D,2,0,0,0,22107.0,1,38.73183401,-120.76889618,4
2011,2011-08-03,1250,8,2,12,3,N,A,N,A,H,A,A,01,N,03,C,,,,,C,N,N,A,1,0,0,0,22350.0,2,38.66023729,-121.07202511,4
2011,2011-08-05,1625,8,2,16,5,N,A,N,A,H,A,L,04,N,08,B,,Y,,,G,N,N,D,1,0,1,0,22107.0,2,38.69116094,-121.08112612,3
2011,2011-08-15,1,8,2,0,1,N,A,Y,A,H,D,A,01,W,03,E,,,,,I,Y,N,D,1,0,0,0,22350.0,1,38.81741767,-120.02801653,3
2011,2011-08-12,1650,8,2,16,5,N,A,Y,A,H,A,C,02,W,17,E,,,Y,,I,Y,N,D,1,0,0,1,21662.0,1,38.80324515,-120.11460774,3
2011,2011-08-09,535,8,2,5,2,N,A,Y,A,D,D,-,- ,E,18,E,,,,,I,Y,N,D,1,0,0,0,,1,38.65722871,-121.05735337,4
2011,2011-08-13,1230,8,2,12,6,N,A,Y,A,H,A,A,01,,03,C,,,,,C,Y,N,D,1,0,0,0,22350.0,2,38.65218516,-121.07247306,4
2011,2011-08-03,1655,8,2,16,3,N,A,Y,A,H,A,A,,E,05,A,,,,,C,Y,N,A,1,0,0,0,21650.0,2,38.72810514,-120.80511935,4
2011,2011-08-13,30,8,2,0,6,N,A,N,A,H,D,A,01,S,08,E,,,,,I,Y,F,D,1,0,0,0,22107.0,1,38.68526238,-121.0588145,3
2011,2011-08-02,807,8,2,8,2,N,A,N,A,H,A,A,,S,03,G,Y,,,,B,N,N,D,1,1,0,0,22350.0,2,38.71961142,-120.78297548,3
2011,2011-07-24,400,7,2,4,7,N,A,N,A,H,D,A,01,S,08,E,,,,,I,Y,N,D,1,0,0,0,22107.0,1,38.71111,-120.94552,3
2011,2011-07-25,1415,7,2,14,1,N,A,Y,A,H,A,A,07,E,08,E,,,,,I,Y,N,D,1,0,0,0,22107.0,1,38.73028497,-120.76505846,3
2011,2011-07-27,1340,7,2,13,3,N,A,N,A,H,D,A,01,N,05,E,,,,,I,Y,N,D,1,0,0,0,21650.0,1,38.69357185,-120.94102366,4
2011,2011-07-28,1400,7,2,14,4,N,A,N,A,H,A,L,04,W,03,F,,Y,,,A,N,N,D,1,0,1,0,22350.0,1,38.93356,-120.04975,3
2011,2011-07-20,730,7,2,7,3,N,A,N,A,H,A,N,60,N,11,G,Y,,,,B,N,N,D,1,1,0,0,21954.0,2,38.95551058,-120.08255929,3
2011,2011-07-05,1135,7,2,11,2,N,A,Y,A,H,A,C,02,S,08,F,,,Y,,A,N,N,D,2,0,0,2,22107.0,1,38.91081645,-121.02276386,3
2011,2011-07-03,1140,7,2,11,7,N,A,N,A,H,A,D,,W,- ,H,,Y,,,A,N,N,A,1,0,1,0,,2,38.73760148,-120.77977626,3
2011,2011-08-06,1040,8,2,10,6,N,A,Y,A,H,A,L,04,N,03,B,,Y,,,G,N,N,D,1,0,1,0,22350.0,2,38.91072175,-121.02243431,3
2011,2011-07-26,815,7,2,8,2,N,A,Y,A,H,A,D,22,S,05,E,,,,,I,Y,N,D,2,0,0,0,21650.0,1,38.8258885,-120.93950423,2
2011,2011-08-16,945,8,2,9,2,N,A,N,A,H,A,A,08,E,03,C,,,,,C,Y,N,A,3,0,0,0,22350.0,3,38.70884305,-121.09192103,4
2011,2011-08-16,1730,8,2,17,2,N,A,N,A,H,A,D,22,E,01,E,,,,,I,Y,N,D,1,0,0,0,23152.0,1,38.93094624,-120.75808822,3
2011,2011-04-01,2201,4,1,22,5,N,A,N,A,H,D,C,02,W,03,F,,,Y,,A,Y,N,D,0,0,0,0,22350.0,1,38.92282442,-120.81265361,1
2011,2011-02-25,840,2,4,8,5,N,B,N,A,H,A,A,07,N,03,E,,,,,I,Y,N,D,0,0,0,0,22350.0,1,38.58861838,-121.01104276,1
2011,2011-07-27,301,7,2,3,3,N,A,N,A,H,D,D,22,W,05,B,,,,,C,Y,N,D,0,0,0,0,21651.0,2,38.70857624,-121.0944607,1
2011,2011-05-24,1105,5,1,11,2,N,A,N,A,H,A,D,22,E,09,F,,,Y,,A,Y,N,D,1,0,0,1,21804.0,2,38.913116,-120.81981765,1
2011,2011-07-12,1635,7,2,16,2,N,A,Y,A,H,A,G,25,E,03,B,,,,Y,C,N,N,D,1,0,0,0,22350.0,2,38.77265076,-120.29123112,1
2011,2011-08-08,610,8,2,6,1,N,A,Y,A,H,A,G,27,E,03,F,,,,Y,A,Y,N,A,0,0,0,0,22350.0,1,38.76363632,-120.36058712,1
2011,2011-09-03,1720,9,3,17,6,N,A,N,A,H,A,A,08,E,03,C,,,,,C,Y,N,D,3,0,0,0,22350.0,2,38.66597897,-120.92559331,3
2011,2011-09-08,1235,9,3,12,4,N,A,N,A,H,A,A,01,,05,B,,,,,C,Y,N,D,3,0,0,0,21460.0,3,38.69041,-120.78814,2
2011,2011-09-09,1600,9,3,16,5,N,A,Y,A,H,A,C,02,E,03,C,,,Y,,C,Y,N,D,1,0,0,1,22350.0,2,38.65938878,-120.96655197,4
2011,2011-09-05,210,9,3,2,1,N,A,N,A,H,C,D,22,N,01,E,,,,,I,Y,N,D,1,0,0,0,23152.0,1,38.85867118,-120.85029704,3
2011,2011-08-23,1500,8,2,15,2,N,A,Y,A,H,A,A,01,E,03,C,,,,,C,N,N,A,1,0,0,0,22350.0,2,38.65218516,-121.07247306,4
2011,2011-08-22,1230,8,2,12,1,N,A,Y,A,H,A,-,99,S,03,H,,Y,,,G,N,F,D,1,0,1,0,22350.0,2,38.91519174,-121.04021548,2
2011,2011-08-26,650,8,2,6,5,N,A,N,A,H,A,A,01,E,01,E,,,,,I,Y,N,A,1,0,0,0,23152.0,1,38.69240366,-120.67439746,4
2011,2011-08-14,1650,8,2,16,7,N,A,Y,A,H,A,A,01,N,05,A,,,,,C,Y,N,D,1,0,0,0,21460.0,2,38.75918143,-120.81977902,4
2011,2011-08-15,1320,8,2,13,1,N,A,Y,A,H,A,C,02,E,03,F,,,Y,,A,N,N,A,1,0,0,1,22350.0,1,38.73142519,-120.78747302,3
2011,2011-09-12,730,9,3,7,1,N,B,N,A,H,A,C,02,N,05,E,,,Y,,I,Y,N,D,1,0,0,1,21650.0,1,38.71090211,-120.83152688,4
2011,2011-09-08,2312,9,3,23,4,N,A,N,A,H,D,A,01,W,01,E,,,,,I,Y,N,D,1,0,0,0,23152.0,1,38.74924607,-120.62486213,2
2011,2011-09-04,2250,9,3,22,7,N,A,N,A,H,D,A,01,N,03,E,,,,,I,Y,N,D,1,0,0,0,22350.0,1,38.87114826,-120.84738825,3
2011,2011-09-10,1725,9,3,17,6,N,A,Y,A,D,A,A,01,W,03,C,,,,,C,Y,N,D,2,0,0,0,22350.0,2,38.71944823,-120.83531329,3
2011,2011-09-10,1545,9,3,15,6,Y,A,Y,A,H,A,A,01,,08,E,,,,,I,Y,N,D,2,0,0,0,22107.0,1,38.88690519,-121.01595308,3
2011,2011-09-07,1145,9,3,11,3,N,A,N,A,C,A,C,02,E,03,F,,,Y,,A,Y,N,D,1,0,0,1,22350.0,1,38.92769993,-120.70481888,3
2011,2011-09-08,1320,9,3,13,4,Y,A,N,A,H,A,A,01,,03,C,,,,,C,Y,N,D,2,0,0,0,22350.0,2,38.77925,-120.89269,3
2011,2011-09-08,1600,9,3,16,4,N,A,N,A,H,A,A,07,N,03,C,,,,,C,Y,N,D,2,0,0,0,22350.0,2,38.67960973,-120.98193046,3
2011,2011-09-09,1505,9,3,15,5,N,A,N,A,H,A,C,02,W,03,F,,,Y,,A,Y,N,D,1,0,0,1,22350.0,1,,,3
2011,2011-08-17,2147,8,2,21,3,N,A,Y,A,H,D,A,01,E,01,C,,,,,C,Y,N,D,2,0,0,0,23152.0,2,38.65540152,-121.01378172,2
2011,2011-09-01,2057,9,3,20,4,N,A,Y,A,H,D,A,07,E,01,E,,,,,I,Y,N,D,1,0,0,0,23152.0,1,38.822724,-120.03947778,4
2011,2011-08-26,2130,8,2,21,5,N,A,N,A,H,D,A,01,S,08,B,,,,,I,N,N,D,1,0,0,0,22107.0,1,38.90475478,-119.9686934,3
2011,2011-08-15,745,8,2,7,1,Y,A,N,A,H,A,A,07,,09,D,,,,,C,Y,N,D,2,0,0,0,21804.0,2,38.81545,-120.90417,3
2011,2011-08-08,1215,8,2,12,1,N,A,N,A,H,A,A,01,E,03,C,,,,,C,N,F,A,2,0,0,0,22350.0,2,38.66146667,-120.97014921,4
2011,2011-08-11,1140,8,2,11,4,Y,A,N,A,H,A,A,01,,09,D,,,,,C,Y,N,A,1,0,0,0,21802.0,2,38.757024,-120.575052,4
2011,2011-08-24,720,8,2,7,3,N,A,N,A,H,A,A,01,E,06,E,,,,,I,Y,F,D,2,0,0,0,21750.0,2,38.74442,-120.65696,2
2011,2011-08-18,1255,8,2,12,4,Y,A,N,A,H,A,-,- ,,00,F,,,Y,,A,N,N,A,1,0,0,1,,2,38.65889,-120.99849,3
2011,2011-08-16,1430,8,2,14,2,Y,A,N,-,A,A,A,01,,09,A,,,,,C,Y,N,D,2,0,0,0,21801.0,2,38.69086,-120.85892,3
2011,2011-08-28,1110,8,2,11,7,N,A,N,A,H,A,C,02,W,03,F,,,Y,,A,Y,N,D,1,0,0,1,22350.0,1,,,4
2011,2011-08-26,1740,8,2,17,5,N,A,Y,A,H,A,C,02,W,03,F,,,Y,,A,Y,N,D,1,0,0,1,22350.0,1,38.71092424,-120.83950397,3
2011,2011-09-01,1832,9,3,18,4,Y,A,N,A,H,A,A,01,,09,D,,,,,C,Y,N,A,1,0,0,0,21802.0,2,38.69151564,-121.10383093,4
2011,2011-08-26,1815,8,2,18,5,N,A,N,A,H,A,C,02,W,03,C,,,Y,,C,N,N,D,2,0,0,2,22350.0,2,38.69851411,-121.00793516,3
2011,2011-09-05,1400,9,3,14,1,N,A,Y,A,H,A,E,22,W,03,C,,,,,-,N,N,D,1,0,0,0,22350.0,3,38.65501629,-121.03409937,4
2011,2011-09-13,730,9,3,7,2,Y,A,Y,A,H,A,L,04,,03,C,,Y,,Y,G,N,N,A,1,0,1,0,22350.0,2,38.65166516,-121.07491306,4
2011,2011-09-23,1245,9,3,12,5,N,A,N,A,H,A,D,22,S,03,C,,,,,C,N,N,A,1,0,0,0,22350.0,2,38.65398073,-121.07126584,4
2011,2011-08-27,210,8,2,2,6,N,A,N,A,H,D,A,01,N,01,E,,,,,I,Y,N,D,1,0,0,0,23152.0,1,38.75724724,-120.57518542,3
2011,2011-06-10,1231,6,2,12,5,N,A,N,A,H,A,A,01,S,17,F,,,Y,,A,Y,N,D,1,0,0,1,21701.0,2,38.79052034,-121.01976424,2
2011,2011-09-17,1345,9,3,13,6,Y,A,N,A,H,A,A,01,,22,A,,,,,C,Y,N,D,2,0,0,0,,2,38.68704,-120.6421,4
2011,2011-09-23,810,9,3,8,5,N,A,N,A,H,A,D,22,W,05,F,,,,,A,Y,N,A,1,0,0,0,21650.0,1,38.64935559,-120.54685236,4
2011,2011-09-14,720,9,3,7,3,N,A,N,A,H,A,D,22,N,05,A,,,,,C,Y,N,A,2,0,0,0,21650.0,2,38.68400367,-120.63248098,4
2011,2011-09-15,103,9,3,1,4,N,A,N,A,H,D,D,22,N,01,E,,,,,I,Y,N,D,2,0,0,0,23152.0,1,38.83922317,-121.04115738,3
2011,2011-09-16,920,9,3,9,5,N,A,Y,A,H,A,A,01,E,03,C,,,,Y,C,Y,N,D,1,0,0,0,22350.0,2,38.70780113,-120.84734337,3
2011,2011-09-03,1510,9,3,15,6,N,A,Y,A,H,A,C,02,W,03,F,,,Y,,A,Y,N,D,1,0,0,1,22350.0,2,38.7737976,-120.39907247,2
2011,2011-08-25,1311,8,2,13,4,Y,A,Y,A,H,A,A,07,,12,D,,,,,C,N,N,A,1,0,0,0,21453.0,2,38.65933517,-120.97299304,4
2011,2011-09-20,705,9,3,7,2,Y,A,N,A,H,A,A,07,,09,D,,,,,C,Y,N,A,3,0,0,0,21802.0,2,38.67156156,-121.06133223,4
2011,2011-08-10,820,8,2,8,3,N,A,N,A,H,A,D,22,E,10,G,Y,,,,B,N,N,D,1,1,0,0,21952.0,2,38.91233265,-119.99815069,3
2011,2011-01-31,655,1,4,6,1,Y,A,N,C,H,A,F,25,,09,-,Y,,,Y,B,N,N,D,1,1,0,0,21804.0,3,38.95262,-119.94672,3
2011,2011-08-28,950,8,2,9,7,N,A,Y,A,H,A,C,02,S,05,A,,,Y,,C,Y,N,D,1,0,0,1,21650.0,2,38.75928195,-120.84304606,4
2011,2011-08-13,1746,8,2,17,6,N,A,Y,A,H,A,-,- ,E,- ,B,,Y,,,G,N,N,A,1,0,1,0,,2,38.94557095,-119.96617379,4
2011,2011-02-01,1311,2,4,13,2,Y,A,N,B,H,A,D,22,,- ,D,,,,,C,Y,N,D,1,0,0,0,,2,38.92463,-119.95506,4
2011,2011-04-11,1743,4,1,17,1,Y,A,N,A,H,A,L,04,,05,D,,Y,,,G,N,N,A,1,0,1,0,21650.0,2,38.91182,-120.00801,3
2011,2011-08-29,1255,8,2,12,1,N,A,Y,A,H,A,C,02,E,08,E,,,Y,,I,Y,N,D,1,0,0,1,22107.0,1,38.73040831,-120.76410895,3
2011,2011-08-24,1120,8,2,11,3,N,A,N,A,H,A,A,01,S,09,A,,,Y,,C,Y,N,D,2,0,0,1,21801.0,2,38.84200062,-120.8550489,3
2011,2011-08-21,1010,8,2,10,7,N,A,Y,D,H,A,-,- ,S,18,F,,,Y,,A,N,N,D,1,0,0,1,,1,38.90993795,-121.02821831,4
2011,2011-08-28,1430,8,2,14,7,N,A,Y,A,H,A,C,02,S,08,F,,,Y,,A,Y,N,D,2,0,0,2,22107.0,1,38.56538103,-120.84579335,2
2011,2011-08-28,315,8,2,3,7,N,A,Y,A,H,D,A,07,W,01,E,,,,,I,Y,N,D,1,0,0,0,23152.0,1,38.66136517,-120.94265304,4
2011,2011-09-03,1145,9,3,11,6,N,A,N,A,H,A,C,02,N,05,F,,,Y,,A,Y,N,D,1,0,0,1,21650.0,1,38.64370833,-120.94410304,3
2011,2011-09-02,1815,9,3,18,5,N,A,N,A,H,A,A,01,W,08,E,,,,,I,Y,N,D,1,0,0,0,22107.0,1,38.74822106,-120.68023198,3
2011,2011-09-04,2025,9,3,20,7,N,A,N,A,H,D,A,01,W,08,G,Y,,,,B,N,N,D,1,1,0,0,22107.0,2,38.65828997,-120.98436577,3
2011,2011-09-04,1610,9,3,16,7,N,A,N,A,H,A,C,02,S,03,E,,,Y,,J,Y,N,D,1,0,0,1,22350.0,1,,,4
2011,2011-10-02,1935,10,3,19,7,N,A,N,A,H,C,D,22,W,03,C,,,,,C,Y,N,A,1,0,0,0,22350.0,2,38.66444903,-120.92988283,4
2011,2011-09-25,450,9,3,4,7,N,B,Y,A,H,D,A,01,E,03,C,,,,Y,C,Y,N,D,1,0,0,0,22350.0,2,38.65463479,-121.06510218,3
2011,2011-09-24,1310,9,3,13,6,N,A,N,A,H,A,A,01,E,03,C,,,,,C,Y,N,A,1,0,0,0,22350.0,4,38.6906674,-120.69763614,4
2011,2011-10-03,758,10,3,7,1,Y,A,N,A,H,A,C,02,,09,D,,,Y,,C,Y,N,D,1,0,0,1,21801.0,2,38.6578,-120.95011,3
2011,2011-09-15,1500,9,3,15,4,N,A,Y,A,H,A,C,02,W,03,F,,,Y,,A,Y,N,D,1,0,0,1,22350.0,1,38.65698517,-120.99549305,3
2011,2011-09-13,705,9,3,7,2,N,A,N,A,H,A,A,01,E,03,D,,,,,C,Y,N,D,1,0,0,0,22350.0,2,38.69489787,-120.80539262,4
2011,2011-09-15,1920,9,3,19,4,Y,A,Y,A,D,D,A,01,,09,D,,,Y,,C,N,N,D,1,0,0,1,21801.0,2,38.90619818,-120.84133717,3
2011,2011-09-24,1530,9,3,15,6,N,A,N,A,H,A,A,01,S,08,F,,,,,A,N,N,D,1,0,0,0,22107.0,1,38.78662121,-120.89240313,4
2011,2011-09-14,1245,9,3,12,3,N,A,N,A,H,A,C,02,N,08,F,,,Y,,A,N,N,D,2,0,0,2,22107.0,1,38.96646513,-120.35721773,2
2011,2011-09-17,1400,9,3,14,6,N,A,N,A,H,A,A,01,S,05,F,,,,,A,Y,N,A,6,0,0,0,21650.0,1,38.67414835,-120.72200071,2
2011,2011-09-22,1018,9,3,10,4,N,A,Y,A,H,A,A,01,N,05,E,,,,,I,Y,N,A,1,0,0,0,21460.0,1,38.91147519,-121.02538308,4
2011,2011-09-16,1510,9,3,15,5,N,A,Y,A,H,A,C,02,W,03,F,,,Y,,A,N,N,D,1,0,0,1,22350.0,1,38.69362835,-120.81888083,4
2011,2011-09-18,100,9,3,1,7,N,A,N,A,H,D,A,07,S,01,E,,,,,I,Y,N,D,1,0,0,0,23152.0,1,38.64766657,-121.05944395,3
2011,2011-08-29,745,8,2,7,1,N,A,Y,A,H,A,A,01,S,03,A,,,,,C,Y,N,D,2,0,0,0,22350.0,2,38.91510271,-121.04008566,4
2011,2011-10-04,1705,10,3,17,2,N,B,Y,A,D,A,A,07,N,03,C,,,,,C,N,N,A,1,0,0,0,22350.0,3,38.70349518,-120.86045303,4
2011,2011-10-06,210,10,3,2,4,N,B,N,B,H,D,D,22,E,01,E,,,,,I,Y,F,D,1,0,0,0,23152.0,1,38.93429443,-120.90117666,2
2011,2011-09-09,745,9,3,7,5,N,A,Y,A,H,A,A,01,N,03,E,,,,,I,Y,N,D,1,0,0,0,22350.0,1,38.79324519,-120.88437305,4
2011,2011-09-14,1530,9,3,15,3,N,A,Y,A,H,A,A,07,S,08,F,,,,,A,Y,N,D,1,0,0,0,22107.0,1,38.82803711,-120.97137048,4
2011,2011-08-17,2154,8,2,21,3,N,A,Y,A,H,D,C,02,E,03,C,,,Y,,C,Y,N,D,2,0,0,2,22350.0,2,38.65528957,-121.01545763,3
2011,2011-10-08,40,10,3,0,6,N,A,N,A,H,D,G,25,N,01,E,,,,Y,I,Y,N,D,1,0,0,0,23152.0,1,38.57272548,-120.99479089,3