ACCIDENT_YEAR,COLLISION_DATE,COLLISION_TIME,MONTH,SEASON,24HOURS,DAY_OF_WEEK,INTERSECTION,WEATHER_1,STATE_HWY_IND,ROAD_SURFACE,ROAD_COND_1,LIGHTING,STWD_VEHTYPE_AT_FAULT,CHP_VEHTYPE_AT_FAULT,DIRECTION,PCF_VIOL_CATEGORY,TYPE_OF_COLLISION,PEDESTRIAN_ACCIDENT,BICYCLE_ACCIDENT,MOTORCYCLE_ACCIDENT,TRUCK_ACCIDENT,MVIW,TOW_AWAY,HIT_AND_RUN,CONTROL_DEVICE,NUMBER_INJURED,COUNT_PED_INJURED,COUNT_BICYCLIST_INJURED,COUNT_MC_INJURED,PCF_VIOLATION,PARTY_COUNT,POINT_Y,POINT_X,COLLISION_SEVERITY
2014,2014-07-18,1107,7,2,11,5,N,A,N,A,H,A,A,01,W,09,A,,,,,C,Y,N,D,3,0,0,0,21801.0,2,38.72137,-120.83356,2
2014,2014-07-20,815,7,2,8,7,N,A,N,A,H,A,A,01,E,06,C,,Y,,,G,N,N,D,1,0,1,0,21750.0,2,38.84696799,-120.86663733,2
2014,2014-07-27,1725,7,2,17,7,N,A,Y,A,H,A,A,01,W,08,E,,,,,I,Y,N,D,3,0,0,0,22107.0,1,38.77818919,-120.257962,3
2014,2014-07-17,1800,7,2,18,4,N,A,Y,A,H,A,A,01,W,03,D,,,,,C,Y,N,A,1,0,0,0,22350.0,2,38.65414158,-121.06740319,4
2014,2014-07-29,1305,7,2,13,2,N,A,Y,A,H,A,D,22,S,03,C,,,,,C,N,N,D,1,0,0,0,22350.0,2,38.71127955,-120.83936922,4
2014,2014-07-29,2125,7,2,21,2,N,A,N,A,H,D,-,- ,E,18,H,,,Y,,H,N,N,D,1,0,0,1,,1,38.70973333,-121.04028925,3
2014,2014-07-04,2315,7,2,23,5,Y,A,Y,A,D,C,J,48,,09,D,,,,,C,Y,N,A,3,0,0,0,21453.0,2,38.65386586,-121.06739413,2
2014,2014-07-30,130,7,2,1,3,N,B,N,A,H,D,C,02,S,01,F,,,Y,,A,N,N,D,1,0,0,1,23152.0,1,38.68176167,-120.82357172,3
2014,2014-08-01,1600,8,2,16,5,N,A,N,A,H,A,D,22,E,08,A,,,,,I,Y,N,D,1,0,0,0,22107.0,1,38.63260223,-120.54196866,4
2014,2014-08-03,2215,8,2,22,7,N,B,N,A,H,D,A,07,E,05,E,,,,,I,Y,N,D,5,0,0,0,21650.0,1,38.68133061,-120.63673317,2
2014,2014-07-26,1630,7,2,16,6,Y,A,N,A,H,E,D,22,,03,C,,,,,D,,N,D,1,0,0,0,22350.0,3,38.67788989,-120.76351992,4
2014,2014-08-10,1955,8,2,19,7,N,A,N,A,H,A,A,01,W,01,E,,,,,I,Y,N,D,1,0,0,0,23152.0,1,38.72031055,-120.88047548,3
2014,2014-08-10,1345,8,2,13,7,N,A,N,A,H,A,A,01,W,08,B,,,,,C,Y,N,D,3,0,0,0,22107.0,2,38.69811792,-121.01561714,4
2014,2014-08-03,2100,8,2,21,7,N,B,N,A,H,D,A,01,S,01,E,,,,,I,Y,N,D,1,0,0,0,23152.0,1,38.70371154,-120.93458834,3
2014,2014-07-28,2124,7,2,21,1,N,A,N,A,H,D,A,01,W,08,E,,,,,I,Y,N,D,1,0,0,0,22107.0,1,38.68920077,-120.72552036,4
2014,2014-08-07,1455,8,2,14,4,N,A,N,A,H,A,A,01,W,09,D,,,,,D,Y,N,D,2,0,0,0,21801.0,2,38.69944253,-120.82016909,4
2014,2014-08-07,1650,8,2,16,4,N,A,N,A,H,A,A,07,W,03,C,,,,,C,N,N,D,1,0,0,0,22350.0,2,38.70002337,-120.99009957,4
2014,2014-07-30,1315,7,2,13,3,N,A,Y,A,H,A,C,02,N,03,F,,,Y,,I,N,N,D,1,0,0,1,22350.0,1,38.90841828,-121.0168964,3
2014,2014-08-02,1505,8,2,15,6,N,A,N,-,A,A,C,02,N,08,F,,,Y,,I,Y,N,D,1,0,0,1,22107.0,1,38.68893501,-120.61472926,3
2014,2014-08-19,1300,8,2,13,2,N,A,Y,A,H,A,A,01,E,05,B,,,,,C,Y,N,A,4,0,0,0,21460.0,2,38.77568684,-120.40381619,2
2014,2014-08-12,1300,8,2,13,2,N,A,Y,A,H,A,A,01,E,08,E,,,,,I,N,N,D,1,0,0,0,22107.0,3,38.6653392,-120.93137303,4
2014,2014-08-03,45,8,2,0,7,N,A,N,A,H,D,D,22,N,05,E,,,,,I,Y,F,D,1,0,0,0,21650.0,1,38.58700137,-120.6583135,2
2014,2014-08-11,1358,8,2,13,1,N,A,N,A,H,A,A,01,S,06,B,,,,,C,Y,N,D,1,0,0,0,21750.0,2,38.71961422,-120.7829346,4
2014,2014-08-10,1700,8,2,17,7,N,A,Y,A,H,A,A,01,E,08,F,,,,,A,Y,N,D,1,0,0,0,22107.0,1,38.65861831,-121.04807941,4
2014,2014-08-15,1855,8,2,18,5,N,A,N,A,H,A,D,22,W,08,E,,,,,I,Y,N,D,1,0,0,0,22107.0,1,39.0191879,-120.12208948,4
2014,2014-08-17,817,8,2,8,7,N,A,N,A,H,A,A,01,S,03,C,,,,,C,Y,N,A,1,0,0,0,22350.0,3,38.67567776,-121.03017084,4
2014,2014-08-13,1510,8,2,15,3,N,A,N,A,H,A,A,08,E,08,F,,,,,A,Y,N,D,3,0,0,0,22107.0,1,38.74814672,-120.60918656,3
2014,2014-08-16,2010,8,2,20,6,N,A,Y,A,H,D,-,- ,E,18,H,,,Y,,A,Y,N,D,1,0,0,1,,1,38.89445264,-120.86047643,2
2014,2014-08-18,950,8,2,9,1,N,A,N,A,H,A,-,- ,S,18,F,,,Y,,A,Y,N,D,1,0,0,1,,1,38.68992514,-121.0078062,3
2014,2014-08-16,1700,8,2,17,6,N,A,N,A,H,A,A,07,N,08,A,,,,,I,Y,N,D,1,0,0,0,22107.0,1,38.68911565,-120.99118517,4
2014,2014-08-17,1220,8,2,12,7,N,A,N,A,H,A,C,02,S,03,F,,,Y,,A,Y,N,A,1,0,0,1,22350.0,1,38.58836462,-120.96217708,4
2014,2014-08-19,905,8,2,9,2,N,A,N,A,H,A,A,01,S,03,E,,,,,I,Y,N,D,4,0,0,0,22350.0,1,38.7545,-120.67396,3
2014,2014-08-14,650,8,2,6,4,N,A,N,A,H,A,-,,W,01,A,,,,,C,Y,N,A,4,0,0,0,23152.0,2,38.62526968,-120.62215089,3
2014,2014-08-02,1350,8,2,13,6,N,A,N,A,H,A,A,01,E,08,E,,,Y,,E,Y,N,D,1,0,0,1,22107.0,4,38.6633801,-120.93330771,3
2014,2014-08-07,2030,8,2,20,4,N,A,Y,A,H,D,A,07,S,01,A,,,,,C,Y,N,D,1,0,0,0,23152.0,2,38.6817876,-120.8471521,3
2014,2014-08-18,1600,8,2,16,1,N,A,N,A,H,A,A,01,N,01,E,,,,,I,Y,N,D,1,0,0,0,23152.0,1,38.68128244,-120.74236489,2
2014,2014-08-15,223,8,2,2,5,N,A,N,A,H,D,A,01,N,- ,E,,,,,I,Y,N,D,1,0,0,0,,1,38.65503672,-120.71053313,3
2014,2014-08-10,510,8,2,5,7,N,A,N,A,H,D,A,01,S,01,E,,,,,I,Y,N,D,1,0,0,0,23152.0,1,38.64670562,-120.90851119,3
2014,2014-08-02,1557,8,2,15,6,N,A,Y,A,H,A,A,01,W,05,H,,,,,J,Y,N,A,1,0,0,0,21650.0,1,38.7220253,-120.83129689,2
2014,2014-08-13,1613,8,2,16,3,N,B,N,A,H,A,C,02,S,03,C,,,Y,,C,N,N,D,1,0,0,1,22350.0,2,38.88495892,-119.98521661,3
2014,2014-08-13,1033,8,2,10,3,N,A,N,A,H,A,A,07,S,03,C,,,,,C,N,N,A,1,0,0,0,22350.0,2,38.64408839,-121.0711051,4
2014,2014-08-13,1135,8,2,11,3,N,A,Y,A,H,A,A,01,E,07,E,,,,,I,Y,N,A,1,0,0,0,21658.0,1,38.73112109,-120.74836112,3
2014,2014-08-04,1014,8,2,10,1,N,B,Y,A,H,A,A,07,W,03,C,,,,,C,Y,N,D,2,0,0,0,22350.0,3,38.86127122,-120.01237889,4
2014,2014-08-18,1826,8,2,18,1,N,A,Y,A,H,A,A,01,S,03,C,,,,,C,Y,N,D,1,0,0,0,22350.0,2,38.79395117,-120.01082003,4
2014,2014-05-17,1210,5,1,12,6,N,A,Y,A,H,A,A,01,W,08,E,,,,,I,Y,N,D,0,0,0,0,22107.0,1,38.74369669,-120.65902472,1
2014,2014-06-29,1210,6,2,12,7,N,A,Y,A,H,A,A,07,W,01,E,,,,,I,Y,N,D,1,0,0,0,23152.0,1,38.73887909,-120.72655539,1
2014,2014-07-04,1255,7,2,12,5,N,A,Y,A,H,A,A,01,E,08,E,,,,,I,Y,N,D,0,0,0,0,22107.0,1,38.65516488,-121.0242952,1
2014,2014-08-24,700,8,2,7,7,N,A,Y,A,H,A,A,01,N,03,E,,,,,I,Y,N,D,1,0,0,0,22350.0,1,38.82913721,-120.99316623,4
2014,2014-08-22,1100,8,2,11,5,N,A,N,A,H,A,C,02,S,05,B,,,Y,,C,Y,N,A,1,0,0,1,21650.0,2,38.64230309,-120.51399192,4
2014,2014-09-02,1210,9,3,12,2,N,A,N,A,H,A,D,22,E,05,E,,,,,I,Y,N,D,1,0,0,0,21650.0,1,38.79826066,-120.72624726,3
2014,2014-08-20,1750,8,2,17,3,N,A,N,A,H,A,A,01,S,01,B,,,,,C,Y,N,D,1,0,0,0,23152.0,2,38.67126569,-120.94309531,3
2014,2014-08-28,740,8,2,7,4,N,A,N,A,H,A,D,22,N,05,A,,,,,I,Y,N,A,1,0,0,0,21650.0,1,38.80362434,-120.71315146,2
2014,2014-08-26,2348,8,2,23,2,N,A,N,A,H,D,C,02,N,03,E,,,Y,,I,N,N,D,1,0,0,1,22350.0,1,38.78603022,-121.02430307,3
2014,2014-08-27,2320,8,2,23,3,N,A,N,A,H,D,A,01,S,05,B,,,,,C,Y,F,D,1,0,0,0,21651.0,3,38.67293163,-121.03120938,3
2014,2014-08-25,1225,8,2,12,1,N,A,N,A,H,A,L,04,S,09,D,,Y,,,G,N,N,D,1,0,1,0,21804.0,2,38.65970126,-121.07164632,3
2014,2014-08-24,1,8,2,0,7,N,A,N,A,H,D,C,02,E,03,E,,,Y,,I,Y,N,D,1,0,0,1,22350.0,1,38.63350008,-120.23785114,4
2014,2014-08-25,745,8,2,7,1,N,A,N,A,H,A,A,01,N,03,C,,,,,C,Y,N,D,1,0,0,0,22350.0,2,38.65758028,-121.03036133,3
2014,2014-08-24,1225,8,2,12,7,N,A,Y,A,H,A,C,02,E,08,F,,,Y,,A,N,N,D,1,0,0,1,22107.0,1,38.70840377,-120.04898439,3
2014,2014-08-16,1250,8,2,12,6,N,A,Y,A,H,A,-,- ,E,18,E,,,,,J,Y,N,D,2,0,0,0,,1,38.8032352,-120.11454898,3
2014,2014-08-26,645,8,2,6,2,N,A,Y,A,H,B,A,07,S,08,E,,,,,I,Y,N,D,1,0,0,0,22107.0,1,38.94730945,-120.09526558,3
2014,2014-08-26,1610,8,2,16,2,Y,A,N,A,H,A,A,01,,09,B,,Y,,,G,N,N,D,1,0,1,0,21801.0,2,38.69774999,-120.83494988,3
2014,2014-09-03,1932,9,3,19,3,Y,A,N,A,H,A,D,22,,09,D,,,,,C,Y,N,A,2,0,0,0,21802.0,2,38.7223699,-120.93300997,4
2014,2014-08-30,1145,8,2,11,6,N,A,Y,A,H,A,A,01,E,02,C,,,,,C,Y,N,D,1,0,0,0,22400.0,3,38.65806818,-121.05503549,4
2014,2014-08-31,1405,8,2,14,7,N,A,N,A,H,A,D,22,N,03,E,,,,,I,Y,N,D,1,0,0,0,22350.0,1,38.74434379,-120.78379103,4
2014,2014-08-29,950,8,2,9,5,Y,A,N,A,H,A,A,01,,03,C,,,,,C,Y,N,A,1,0,0,0,22350.0,2,38.69500993,-120.81143996,4
2014,2014-08-28,1630,8,2,16,4,N,A,Y,A,D,A,A,01,E,03,C,,,,,C,Y,N,A,1,0,0,0,22350.0,3,38.73323315,-120.77824308,4
2014,2014-08-28,1415,8,2,14,4,Y,A,N,A,H,A,A,01,,09,D,,,,,C,Y,N,D,5,0,0,0,21801.0,2,38.60005988,-121.02234989,4
2014,2014-08-31,1135,8,2,11,7,Y,A,N,A,H,A,A,07,,03,C,,,,,C,Y,N,A,4,0,0,0,22350.0,3,38.67508997,-120.72915991,4
2014,2014-08-29,1615,8,2,16,5,N,A,Y,A,H,A,C,02,W,03,C,,,Y,,C,Y,N,D,1,0,0,1,22350.0,2,38.65931016,-120.9735188,3
2014,2014-09-02,735,9,3,7,2,N,A,Y,A,H,A,A,01,E,05,F,,,,,A,Y,N,A,1,0,0,0,21650.0,1,38.7740417,-120.39456841,4
2014,2014-09-06,1205,9,3,12,6,N,A,N,A,H,A,C,02,W,05,F,,,Y,,J,,N,D,1,0,0,1,21650.0,1,,,2
2014,2014-09-06,1050,9,3,10,6,Y,A,N,A,H,A,A,07,,03,C,,,,,C,Y,N,D,2,0,0,0,22350.0,2,38.67630993,-120.87650998,4
2014,2014-09-09,2155,9,3,21,2,N,A,N,A,H,C,A,01,S,08,E,,,,,I,Y,N,D,2,0,0,0,22107.0,1,38.69529471,-120.81630602,3
2014,2014-09-17,315,9,3,3,3,N,A,N,A,H,D,A,01,W,05,E,,,,,I,Y,N,D,1,0,0,0,21650.0,1,38.74274801,-120.73598609,4
2014,2014-09-21,2135,9,3,21,7,N,A,N,A,H,D,-,- ,N,18,E,,,,,I,Y,N,D,3,0,0,0,,1,38.67499221,-120.72803134,4
2014,2014-09-01,1315,9,3,13,1,N,A,N,A,H,A,D,22,S,08,E,,,,,I,N,N,D,1,0,0,0,22107.0,1,38.63693334,-120.94462396,2
2014,2014-09-05,1120,9,3,11,5,Y,A,Y,A,H,A,D,22,,09,D,,,,,C,Y,N,D,1,0,0,0,21801.0,2,38.87497679,-121.01984655,4
2014,2014-09-12,2111,9,3,21,5,N,A,Y,A,H,D,A,01,E,01,E,,,,,I,Y,N,D,2,0,0,0,23152.0,1,38.69946223,-120.8713658,2
2014,2014-08-26,1330,8,2,13,2,N,A,N,A,H,A,C,02,N,05,E,,,Y,,I,Y,N,D,1,0,0,1,21650.0,1,38.7829576,-120.4194876,3
2014,2014-09-05,1545,9,3,15,5,Y,A,N,A,H,A,D,22,,03,C,,,,,C,Y,N,A,1,0,0,0,22350.0,3,38.67508997,-120.72915991,4
2014,2014-09-03,1805,9,3,18,3,N,A,N,A,B,A,L,04,E,03,F,,Y,,,A,N,N,D,1,0,1,0,22350.0,1,38.92277082,-120.0458332,4
2014,2014-09-01,1220,9,3,12,1,N,A,N,A,H,A,-,- ,W,00,F,,Y,,,A,N,N,D,1,0,1,0,,1,,,3
2014,2014-09-05,1430,9,3,14,5,N,A,Y,A,H,A,C,02,S,03,F,,,Y,,A,Y,N,D,1,0,0,1,22350.0,1,38.80727318,-120.12323801,3
2014,2014-09-10,327,9,3,3,3,N,A,Y,A,H,D,A,01,E,01,E,,,,,I,Y,N,D,1,0,0,0,23152.0,1,38.6859704,-120.90945055,4
2014,2014-09-05,205,9,3,2,5,N,A,N,A,H,D,A,01,S,01,E,,,,,I,Y,N,D,2,0,0,0,23152.0,1,38.65410572,-120.96846342,2
2014,2014-09-05,625,9,3,6,5,N,A,N,A,-,A,-,- ,S,18,H,,,,,H,Y,N,D,1,0,0,0,,1,38.71267105,-120.93707457,4
2014,2014-08-30,1200,8,2,12,6,N,A,N,A,H,A,A,07,W,21,H,,Y,,,G,N,N,D,1,0,1,0,22106.0,2,38.92000739,-120.04587319,3
2014,2014-09-04,830,9,3,8,4,N,A,N,A,H,A,A,01,E,03,C,,,,,C,Y,N,A,1,0,0,0,22350.0,4,38.68312689,-120.73236816,4
2014,2014-09-07,1955,9,3,19,7,Y,A,N,A,H,D,D,22,,09,D,,,,,C,Y,N,A,2,0,0,0,21802.0,2,38.67071992,-120.97779991,3
2014,2014-09-12,2128,9,3,21,5,N,A,N,A,H,D,A,01,E,03,C,,,,,C,Y,F,D,4,0,0,0,22350.0,2,38.73296952,-120.77092159,2
2014,2014-09-13,1340,9,3,13,6,N,A,N,A,H,A,C,02,N,08,F,,,Y,,A,Y,N,D,1,0,0,1,22107.0,2,38.58777395,-121.01019856,3
2014,2014-09-23,1305,9,3,13,2,N,A,N,A,H,A,A,01,E,09,B,,,,Y,D,Y,N,A,2,0,0,0,21804.0,2,38.68051029,-120.86916678,4
2014,2014-09-11,1210,9,3,12,4,N,A,N,A,H,A,A,07,S,03,C,,,,,A,Y,N,D,1,0,0,0,22350.0,2,38.67840032,-120.98131064,4
2014,2014-09-13,209,9,3,2,6,N,A,N,A,H,D,A,01,N,01,E,,,,,I,Y,N,D,1,0,0,0,23152.0,1,38.56251998,-120.72438996,3
2014,2014-09-25,1245,9,3,12,4,N,C,N,B,H,A,A,01,S,03,E,,,,,I,Y,N,D,1,0,0,0,22350.0,1,38.682464,-120.8880906,4
2014,2014-09-22,2245,9,3,22,1,N,A,Y,A,H,D,A,01,N,01,E,,,,,I,Y,N,D,1,0,0,0,23152.0,1,38.59689261,-120.85029755,3
2014,2014-08-27,1235,8,2,12,3,Y,A,N,A,H,A,C,02,,09,D,,,Y,,C,Y,N,A,1,0,0,1,21802.0,2,38.6477699,-121.0654999,2
2014,2014-09-18,1810,9,3,18,4,Y,A,Y,A,H,B,D,22,,09,D,,Y,,,G,N,N,A,1,0,1,0,21801.0,2,38.73703815,-120.70790607,3
2014,2014-09-09,845,9,3,8,2,N,A,Y,A,H,A,F,27,N,03,F,,,,Y,A,Y,N,A,1,0,0,0,22350.0,1,38.93487387,-120.06636532,4
2014,2014-09-20,1305,9,3,13,6,N,A,N,A,H,A,D,22,S,01,E,,,,,I,Y,N,D,1,0,0,0,23152.0,1,38.92303773,-120.04441041,3
2014,2014-09-05,2159,9,3,21,5,N,A,N,A,H,D,A,01,N,01,E,,,,,I,Y,N,D,1,0,0,0,23152.0,1,38.62935374,-120.94719587,2
2014,2014-10-04,1200,10,3,12,6,N,A,N,A,H,A,C,02,N,08,F,,,Y,,A,Y,N,D,1,0,0,1,22107.0,1,38.67588369,-120.88673124,4
2014,2014-09-25,255,9,3,2,4,N,A,N,B,H,D,J,48,N,03,E,,,,,I,Y,N,D,2,0,0,0,22350.0,1,38.77405857,-120.45571572,3
2014,2014-09-24,234,9,3,2,3,N,A,N,A,H,C,D,22,W,01,E,,,,,I,Y,N,D,1,0,0,0,23152.0,1,38.66159662,-120.98345638,4
2014,2014-09-02,2125,9,3,21,2,N,A,Y,D,A,D,A,01,S,01,E,,,,,I,Y,N,D,1,0,0,0,23152.0,1,38.75424243,-120.82791919,3
2014,2014-08-16,910,8,2,9,6,N,A,N,A,H,A,-,- ,E,18,G,Y,,,,B,N,N,D,1,1,0,0,,2,38.83749822,-120.86556037,2
2014,2014-08-20,728,8,2,7,3,N,A,Y,A,H,A,D,22,N,05,B,,,,,I,N,N,D,2,0,0,0,21650.0,1,38.8063822,-120.81939211,3
2014,2014-09-29,710,9,3,7,1,N,A,N,A,-,A,L,04,E,05,A,,Y,,,G,N,N,A,1,0,1,0,21650.0,2,38.69799324,-121.00341816,3
2014,2014-09-27,1350,9,3,13,6,N,B,N,A,H,A,C,02,E,03,E,,,Y,,I,Y,N,D,1,0,0,1,22350.0,1,38.94308268,-120.71921598,2
2014,2014-09-24,910,9,3,9,3,N,A,Y,A,H,A,A,01,E,07,B,,,,,C,Y,N,D,1,0,0,0,21658.0,2,38.71869883,-120.83581293,4
2014,2014-09-18,1635,9,3,16,4,Y,A,N,A,H,A,A,01,,03,C,,,,,C,Y,N,D,9,0,0,0,22350.0,3,38.71904998,-120.86473991,3
2014,2014-08-22,826,8,2,8,5,N,A,N,A,H,A,A,01,N,01,F,,,,,I,Y,N,D,2,0,0,0,23152.0,1,38.7616775,-121.04377083,2
2014,2014-08-30,1830,8,2,18,6,N,A,N,A,H,A,C,02,N,05,F,,,Y,,J,Y,N,D,1,0,0,1,21650.0,1,,,2
2014,2014-08-13,710,8,2,7,3,N,A,N,A,H,A,C,02,N,05,E,,,Y,,I,Y,N,D,1,0,0,1,21650.0,1,38.66686367,-120.93853,3
2014,2014-10-05,1400,10,3,14,7,Y,A,N,A,H,A,A,01,,09,B,,,,,C,Y,N,D,1,0,0,0,21801.0,2,38.76887997,-120.92530991,4
2014,2014-09-18,715,9,3,7,4,N,A,Y,A,H,A,-,- ,E,18,A,,,,,H,Y,N,D,1,0,0,0,,1,38.73039515,-120.76593207,4
2014,2014-09-13,1540,9,3,15,6,N,A,N,A,H,A,C,02,E,08,F,,,Y,,A,Y,N,D,1,0,0,1,22107.0,1,38.7137773,-120.91059987,4
2014,2014-09-14,1315,9,3,13,7,N,A,Y,A,H,A,C,02,N,08,E,,,Y,,I,N,N,D,1,0,0,1,22107.0,1,38.70391021,-120.81251119,4
2014,2014-09-13,950,9,3,9,6,Y,A,Y,A,H,A,A,01,,09,A,,,,,C,Y,N,D,3,0,0,0,21801.0,2,38.89157696,-121.01579678,4
2014,2014-09-26,1710,9,3,17,5,N,A,Y,A,H,-,A,07,N,03,C,,,Y,,C,Y,N,D,1,0,0,1,22350.0,3,38.80096966,-120.89185019,4
2014,2014-09-28,445,9,3,4,7,N,A,Y,A,H,D,N,60,W,11,B,Y,,,,B,N,N,D,1,1,0,0,21954.0,2,38.66173935,-120.94074098,4
2014,2014-09-23,1201,9,3,12,2,Y,A,N,A,H,A,D,22,,03,C,,,,,C,Y,N,D,1,0,0,0,22350.0,3,38.69006989,-120.78739992,4
2014,2014-09-25,1900,9,3,19,4,N,C,Y,B,H,B,A,07,W,03,F,,,,,A,Y,N,D,1,0,0,0,22350.0,1,38.77489234,-120.41854643,3
2014,2014-09-21,625,9,3,6,7,N,A,Y,A,H,B,-,- ,N,18,E,,,Y,,H,Y,N,D,1,0,0,1,,1,38.82686657,-120.94640361,3
2014,2014-09-22,1102,9,3,11,1,N,A,N,A,H,A,A,07,S,08,E,,,,,I,Y,N,A,1,0,0,0,22107.0,1,38.71323415,-121.07814409,4
2014,2014-09-30,1433,9,3,14,2,N,A,Y,A,H,A,A,07,S,03,C,,,,,C,Y,N,A,1,0,0,0,22350.0,2,38.69359208,-120.8195329,4
2014,2014-09-26,1240,9,3,12,5,Y,A,N,A,H,A,A,01,,12,D,,,,,C,Y,N,A,1,0,0,0,21453.0,2,38.65675998,-121.07171997,3
2014,2014-10-01,540,10,3,5,3,N,A,Y,A,H,D,D,22,E,03,E,,,,,I,Y,N,D,1,0,0,0,22350.0,1,38.65727359,-120.98714519,4
2014,2014-09-29,1345,9,3,13,1,N,A,N,A,H,A,D,22,E,03,C,,,,,C,Y,N,D,3,0,0,0,22350.0,2,38.65811701,-120.94917929,4
2014,2014-09-25,1000,9,3,10,4,N,B,N,B,H,A,A,01,S,08,E,,,,,I,Y,N,D,1,0,0,0,22107.0,1,38.70371386,-120.93458929,4
2014,2014-09-14,1900,9,3,19,7,N,A,Y,A,H,B,D,22,N,01,E,,,,,I,Y,N,D,1,0,0,0,23152.0,1,38.79403643,-120.88456459,3
2014,2014-10-03,807,10,3,8,5,N,A,Y,A,H,A,A,07,W,07,E,,,,,I,Y,N,A,2,0,0,0,21658.0,1,38.74360511,-120.63444052,3
2014,2014-10-12,1535,10,3,15,7,N,A,Y,A,H,A,C,02,S,03,C,,,Y,,C,Y,N,D,2,0,0,2,22350.0,2,38.94693824,-120.10473332,4
2014,2014-09-26,240,9,3,2,5,N,B,Y,B,H,D,A,07,S,03,F,,,,,A,Y,N,D,2,0,0,0,22350.0,2,39.03128748,-120.11712811,3
2014,2014-10-01,850,10,3,8,3,N,A,N,A,H,A,A,07,W,08,E,,,,,I,Y,N,D,1,0,0,0,22107.0,1,38.88562314,-120.03714337,4
2014,2014-10-05,1825,10,3,18,7,N,A,Y,A,H,B,A,01,E,08,F,,,,,A,Y,N,D,2,0,0,0,22107.0,1,38.84600507,-120.02971382,4
2014,2014-10-10,1600,10,3,16,5,N,A,Y,A,H,A,C,02,S,08,E,,,Y,,I,Y,N,D,1,0,0,1,22107.0,1,38.94930921,-120.07916892,2
2014,2014-08-31,2325,8,2,23,7,N,A,N,A,H,D,C,02,W,01,E,,,Y,,I,Y,N,D,2,0,0,2,23152.0,1,38.6440051,-120.84629844,2
2014,2014-10-04,1930,10,3,19,6,N,A,N,A,H,D,-,,E,05,E,,,,,I,N,N,D,2,0,0,0,21650.0,1,38.73631289,-120.78101871,3
2014,2014-10-05,155,10,3,1,7,N,A,N,A,H,C,D,22,N,01,E,,,,,I,Y,N,D,1,0,0,0,23152.0,1,38.72467219,-120.8098805,4
2014,2014-09-23,1056,9,3,10,2,Y,A,Y,A,H,A,A,01,,03,C,,,,,C,Y,N,A,1,0,0,0,22350.0,2,38.73048062,-120.79881559,4
2014,2014-10-08,1855,10,3,18,3,N,A,N,A,H,D,-,- ,S,18,A,,,,,H,N,N,D,1,0,0,0,,1,38.73558406,-120.57223573,4
2014,2014-10-08,1750,10,3,17,3,Y,A,Y,A,H,A,A,01,,12,D,,,,,C,Y,N,A,1,0,0,0,21453.0,2,38.69480921,-120.81335519,4
2014,2014-10-13,1037,10,3,10,1,N,A,N,A,H,A,A,01,S,05,E,,,,,I,Y,N,D,1,0,0,0,21650.0,1,,,4
2014,2014-10-12,1730,10,3,17,7,N,A,N,A,H,A,A,01,S,08,E,,,,,I,Y,N,D,3,0,0,0,22107.0,1,38.75299799,-120.77634242,4
2014,2014-10-24,1045,10,3,10,5,N,A,N,A,H,A,D,22,N,07,C,Y,,,,C,Y,N,A,4,2,0,0,21658.0,5,38.65830845,-120.96905372,3
2014,2014-10-09,1815,10,3,18,4,N,A,N,A,H,A,A,08,S,09,D,,,,,C,Y,N,D,6,0,0,0,21804.0,2,38.73272216,-120.67594786,3
2014,2014-07-31,1300,7,2,13,4,N,A,Y,A,H,A,A,07,W,01,B,,,,Y,C,Y,N,D,3,0,0,0,23152.0,2,38.77742471,-120.27635242,3
2014,2014-10-09,835,10,3,8,4,N,A,Y,A,H,A,A,07,E,07,B,,,,,C,Y,N,D,1,0,0,0,21658.0,2,38.68504309,-120.90996361,4
2014,2014-10-18,1420,10,3,14,6,N,A,N,A,H,A,A,07,W,01,B,,,,,C,Y,N,D,8,0,0,0,23152.0,3,38.71284176,-121.06254918,2
2014,2014-07-27,2023,7,2,20,7,N,A,N,A,H,D,A,01,N,01,E,,,,,I,Y,N,D,1,0,0,0,23152.0,1,,,2
2014,2014-10-10,1610,10,3,16,5,N,A,N,A,H,A,D,22,W,03,C,,,,,C,N,N,A,1,0,0,0,22350.0,4,38.7099994,-121.07989746,4
2014,2014-08-22,1945,8,2,19,5,N,A,N,A,H,A,A,01,S,09,D,,,Y,,C,Y,N,D,1,0,0,1,21800.0,2,38.87621714,-120.87585211,2
2014,2014-10-13,1458,10,3,14,1,N,A,Y,A,H,A,D,22,W,03,B,,,,,D,Y,N,A,2,0,0,0,22350.0,11,38.73143377,-120.79219705,4
2014,2014-09-22,1140,9,3,11,1,N,F,N,A,H,A,A,01,S,05,E,,,,,I,Y,N,A,0,0,0,0,21650.0,1,38.64752465,-120.68584501,1
2014,2014-10-24,1240,10,3,12,5,N,A,Y,A,H,A,C,02,W,03,F,,,Y,,A,Y,N,D,1,0,0,1,22350.0,1,38.80252003,-120.11168933,4
2014,2014-10-03,1550,10,3,15,5,N,A,N,A,H,A,C,02,N,08,E,,,Y,,I,Y,N,D,1,0,0,1,22107.0,1,38.90337247,-119.96951376,3
2014,2014-10-15,2130,10,3,21,3,Y,A,N,A,H,D,A,07,,09,D,,,,,C,Y,N,D,1,0,0,0,21802.0,2,38.55769998,-120.98255992,4
2014,2014-10-14,145,10,3,1,2,N,A,Y,A,H,D,A,07,W,08,F,,,,,A,Y,N,D,1,0,0,0,22107.0,1,38.69522711,-120.89172007,4
2014,2014-10-04,8,10,3,0,6,Y,A,Y,A,H,C,D,22,,01,D,,,,,C,Y,N,A,1,0,0,0,23152.0,2,38.65933842,-120.9710299,4