ACCIDENT_YEAR,COLLISION_DATE,COLLISION_TIME,MONTH,SEASON,24HOURS,DAY_OF_WEEK,INTERSECTION,WEATHER_1,STATE_HWY_IND,ROAD_SURFACE,ROAD_COND_1,LIGHTING,STWD_VEHTYPE_AT_FAULT,CHP_VEHTYPE_AT_FAULT,DIRECTION,PCF_VIOL_CATEGORY,TYPE_OF_COLLISION,PEDESTRIAN_ACCIDENT,BICYCLE_ACCIDENT,MOTORCYCLE_ACCIDENT,TRUCK_ACCIDENT,MVIW,TOW_AWAY,HIT_AND_RUN,CONTROL_DEVICE,NUMBER_INJURED,COUNT_PED_INJURED,COUNT_BICYCLIST_INJURED,COUNT_MC_INJURED,PCF_VIOLATION,PARTY_COUNT,POINT_Y,POINT_X,COLLISION_SEVERITY
2016,2016-04-04,1219,4,1,12,1,Y,A,Y,A,H,A,A,01,,09,D,,,,,C,Y,N,D,2,0,0,0,21802.0,2,38.696296,-120.887904,4
2016,2016-04-09,55,4,1,0,6,N,A,N,A,H,D,-,- ,W,18,E,,,,,I,Y,N,D,2,0,0,0,,1,38.66779543,-120.9116117,2
2016,2016-04-27,1650,4,1,16,3,N,B,Y,C,H,A,A,01,W,03,E,,,,,C,Y,N,D,1,0,0,0,22350.0,2,38.81530475,-120.0831983,4
2016,2016-04-24,1430,4,1,14,7,N,B,Y,A,H,A,A,01,E,05,D,,,,,C,Y,N,D,1,0,0,0,21460.0,2,38.82957245,-120.03162799,4
2016,2016-04-14,1942,4,1,19,4,N,A,N,A,H,A,D,22,N,01,E,,,,,I,Y,N,D,1,0,0,0,23152.0,1,38.88622699,-120.90551303,4
2016,2016-04-23,1935,4,1,19,6,Y,A,N,A,H,A,A,07,,12,D,,,,,C,Y,F,A,1,0,0,0,21453.0,2,38.66156218,-120.93711376,4
2016,2016-04-24,1010,4,1,10,7,N,A,Y,A,H,A,L,04,N,08,F,,Y,,,A,N,N,D,1,0,1,0,22107.0,1,38.77616318,-120.82686428,3
2016,2016-04-24,115,4,1,1,7,N,A,N,A,H,D,A,01,N,08,E,,,,,J,Y,N,D,1,0,0,0,22107.0,1,38.7329827,-120.93317064,4
2016,2016-04-27,1930,4,1,19,3,N,B,Y,B,E,B,C,06,E,08,E,,,Y,,I,Y,N,D,2,0,0,2,22107.0,1,38.59567372,-120.78478797,2
2016,2016-04-27,1800,4,1,18,3,N,B,N,B,H,A,D,22,E,03,A,,,,,C,Y,N,D,1,0,0,0,22350.0,2,38.68574782,-120.77828754,1
2016,2016-04-27,1820,4,1,18,3,N,B,N,B,H,A,A,01,W,01,E,,,,,I,Y,N,D,1,0,0,0,23152.0,1,38.6643,-120.98457177,4
2016,2016-04-29,120,4,1,1,5,N,A,N,A,H,D,A,01,S,03,F,,,,,A,Y,N,D,1,0,0,0,22350.0,1,38.67992581,-121.01674394,3
2016,2016-04-29,1700,4,1,17,5,Y,A,N,A,H,A,A,01,,08,D,,,,,C,Y,N,D,1,0,0,0,22107.0,2,38.67359142,-120.88799179,4
2016,2016-04-30,1800,4,1,18,6,Y,A,Y,A,H,A,A,01,,09,D,,,,,C,Y,N,A,1,0,0,0,21802.0,2,38.75393995,-120.77334996,4
2016,2016-04-29,705,4,1,7,5,Y,A,N,A,H,A,A,01,,09,D,,,,,C,Y,N,A,2,0,0,0,21802.0,2,38.66756994,-120.97724999,3
2016,2016-05-02,30,5,1,0,1,Y,A,Y,A,H,D,A,08,,01,F,,,,,A,Y,N,D,1,0,0,0,23152.0,1,38.8995056,-120.91467814,3
2016,2016-05-04,843,5,1,8,3,N,B,Y,A,H,A,A,01,W,03,C,,,,,C,Y,N,D,1,0,0,0,22350.0,3,38.70865706,-120.84525033,4
2016,2016-05-05,1900,5,1,19,4,N,B,Y,B,H,A,A,01,E,03,C,,,,,C,Y,N,D,2,0,0,0,22350.0,3,38.65523416,-121.02997815,4
2016,2016-05-05,1545,5,1,15,4,N,B,Y,B,D,A,K,45,E,21,E,,,,,I,Y,N,D,1,0,0,0,22106.0,2,38.65625016,-121.06107341,4
2016,2016-05-07,1100,5,1,11,6,N,B,N,B,H,A,A,01,S,08,E,,,,,I,Y,N,D,1,0,0,0,22107.0,1,38.67630038,-120.73244611,4
2016,2016-05-06,2241,5,1,22,5,N,B,N,A,H,C,A,01,S,03,E,,,,,I,Y,N,D,1,0,0,0,22350.0,1,38.68560653,-121.0959888,3
2016,2016-05-06,1540,5,1,15,5,N,B,N,A,H,A,A,07,S,03,F,,,,,A,Y,N,D,1,0,0,0,22350.0,1,38.68155255,-121.01675928,4
2016,2016-05-01,35,5,1,0,7,N,A,Y,A,H,D,A,01,W,01,B,,,,,C,Y,N,D,1,0,0,0,23152.0,2,38.65641461,-120.99888094,4
2016,2016-05-11,2128,5,1,21,3,N,A,N,A,H,D,-,- ,N,18,G,,,Y,,H,Y,N,D,1,0,0,1,,1,38.67568544,-121.07767761,3
2016,2016-04-22,1539,4,1,15,5,N,B,N,B,H,A,A,07,W,03,E,,,,,I,Y,N,D,2,0,0,0,22350.0,1,38.72011534,-120.88104236,3
2016,2016-04-06,1512,4,1,15,3,Y,A,Y,A,H,A,A,07,,03,C,,,,,C,N,F,D,3,0,0,0,22350.0,2,38.8585005,-120.83299489,3
2016,2016-05-10,1346,5,1,13,2,N,A,Y,A,H,A,A,01,W,03,E,,,,,I,Y,N,D,1,0,0,0,22350.0,1,38.67311518,-120.92205602,4
2016,2016-04-18,1805,4,1,18,1,N,A,Y,A,H,A,C,02,W,08,F,,,Y,,A,Y,N,D,1,0,0,1,22107.0,1,38.7384322,-120.73767618,4
2016,2016-05-15,2100,5,1,21,7,N,A,N,A,H,D,A,01,N,01,E,,,,,I,Y,N,D,2,0,0,0,23152.0,1,38.75220771,-120.93325761,2
2016,2016-05-17,1227,5,1,12,2,N,A,N,A,H,A,A,01,W,09,D,,,,,C,Y,N,A,1,0,0,0,21802.0,2,38.72032914,-120.86913154,4
2016,2016-05-11,1215,5,1,12,3,Y,A,N,A,H,A,A,07,,09,A,,,,,C,Y,N,D,1,0,0,0,21804.0,2,38.69491992,-120.80512994,4
2016,2016-05-07,2010,5,1,20,6,N,A,N,B,H,D,A,01,E,01,E,,,,,I,Y,N,D,1,0,0,0,23152.0,1,38.73155056,-120.74634394,4
2016,2016-05-08,1830,5,1,18,7,N,B,N,A,H,A,A,01,E,09,D,,,,,C,Y,N,D,2,0,0,0,21804.0,2,38.68206004,-120.84608826,4
2016,2016-04-29,1235,4,1,12,5,N,A,Y,A,H,A,A,01,W,03,E,,,,,I,Y,N,D,2,0,0,0,22350.0,1,38.72061279,-120.83471369,2
2016,2016-05-05,1909,5,1,19,4,N,B,N,B,H,A,A,07,E,08,E,,,,,I,Y,N,D,1,0,0,0,22107.0,1,38.7393711,-120.66448789,3
2016,2016-04-30,2135,4,1,21,6,N,B,Y,A,H,C,A,07,E,03,E,,,,,I,Y,N,D,0,0,0,0,22350.0,1,38.73697093,-120.71691,1
2016,2016-04-17,2045,4,1,20,7,N,A,N,A,H,C,C,06,W,01,F,,,Y,,A,N,N,D,1,0,0,1,23152.0,1,38.87715638,-120.89171892,4
2016,2016-05-09,1415,5,1,14,1,N,A,Y,A,H,A,A,01,S,08,E,,,,,I,Y,N,D,1,0,0,0,22107.0,1,38.79565782,-119.98756357,3
2016,2016-05-15,1110,5,1,11,7,N,A,Y,A,H,A,C,02,E,03,F,,,Y,,I,Y,N,D,1,0,0,1,22350.0,1,38.80556666,-120.12276129,4
2016,2016-05-13,1535,5,1,15,5,N,A,N,A,B,A,C,02,E,03,E,,,Y,,I,Y,N,D,1,0,0,1,22350.0,1,38.94627624,-120.46664089,3
2016,2016-05-14,1840,5,1,18,6,N,B,Y,A,H,A,A,01,S,01,E,,,,,I,Y,N,D,1,0,0,0,23152.0,1,38.84781585,-121.01281426,3
2016,2016-05-15,2230,5,1,22,7,N,A,N,A,H,D,A,01,E,03,F,,,,,A,Y,N,D,1,0,0,0,22350.0,1,38.6859816,-121.09774931,4
2016,2016-05-07,215,5,1,2,6,N,B,N,B,H,D,D,22,S,01,E,,,,,I,Y,N,D,2,0,0,0,23152.0,1,38.77027792,-120.58183148,3
2016,2016-05-18,1550,5,1,15,3,N,A,N,A,H,A,A,01,N,08,E,,,,,I,Y,N,D,1,0,0,0,22107.0,1,38.79705524,-120.72713501,3
2016,2016-05-07,2500,5,1,25,6,N,B,N,B,H,D,L,04,N,08,E,,Y,,,I,N,N,D,0,0,0,0,22107.0,1,39.05977941,-120.13418313,1
2016,2016-05-14,1747,5,1,17,6,N,B,Y,A,H,A,C,02,E,01,F,,,Y,,A,Y,N,D,0,0,0,0,23152.0,1,,,1
2016,2016-05-14,2035,5,1,20,6,N,B,N,A,H,C,A,07,S,09,D,,,,,C,Y,N,D,1,0,0,0,21804.0,2,38.65781432,-120.96904071,4
2016,2016-05-18,750,5,1,7,3,Y,A,N,A,H,A,A,01,,09,D,,,,,C,Y,N,D,2,0,0,0,21801.0,2,38.74444993,-120.65687995,4
2016,2016-05-12,2121,5,1,21,4,N,A,N,A,H,D,A,07,N,08,E,,,,,I,Y,N,D,1,0,0,0,22107.0,1,38.79421255,-120.91273257,3
2016,2016-05-14,1742,5,1,17,6,Y,A,Y,A,H,A,A,01,,09,D,,,,,C,Y,N,A,3,0,0,0,21802.0,2,38.73768343,-120.73224297,2
2016,2016-05-20,750,5,1,7,5,N,B,Y,A,D,A,A,07,E,03,C,,,,,C,Y,N,D,1,0,0,0,22350.0,4,38.65047252,-121.07843879,4
2016,2016-04-08,1758,4,1,17,5,N,B,N,B,H,A,A,01,E,09,D,,,,,C,N,F,D,1,0,0,0,21804.0,2,38.65814495,-120.96825532,4
2016,2016-06-02,2039,6,2,20,4,N,A,N,A,H,B,A,01,E,01,E,,,,,I,Y,N,D,4,0,0,0,23152.0,1,38.63989369,-120.53537302,2
2016,2016-05-20,1835,5,1,18,5,Y,C,N,B,H,A,A,01,,03,E,,,,,I,Y,N,D,1,0,0,0,22350.0,1,38.68045993,-120.96345992,4
2016,2016-05-22,1315,5,1,13,7,N,A,Y,A,H,A,C,02,N,03,C,,,Y,,C,Y,N,D,2,0,0,2,22350.0,2,38.84100377,-121.01514061,2
2016,2016-05-22,1945,5,1,19,7,N,A,N,A,H,A,A,01,E,03,E,,,,,I,Y,N,D,1,0,0,0,22350.0,1,38.72738751,-121.01411203,4
2016,2016-05-23,1320,5,1,13,1,N,B,N,A,H,A,A,01,S,05,A,,,,,C,Y,N,D,4,0,0,0,21460.0,4,38.84410551,-120.85652104,3
2016,2016-05-24,430,5,1,4,2,N,B,N,A,H,D,A,01,N,08,F,,,,,A,Y,N,D,2,0,0,0,22107.0,1,38.65950455,-121.03211449,2
2016,2016-05-25,1355,5,1,13,3,N,A,N,A,H,A,A,07,N,03,C,,,,,C,Y,N,D,3,0,0,0,22350.0,3,38.64707659,-121.06833957,4
2016,2016-05-29,1200,5,1,12,7,N,B,Y,A,H,A,C,02,S,03,F,,,Y,,A,Y,N,D,1,0,0,1,22350.0,1,39.06492956,-120.1256523,4
2016,2016-05-25,923,5,1,9,3,N,A,N,A,H,A,A,01,W,08,C,Y,,,,E,Y,N,A,1,1,0,0,22107.0,3,38.67960829,-120.73820121,3
2016,2016-05-26,1630,5,1,16,4,N,A,N,A,H,A,A,01,N,01,E,,,,,I,Y,N,D,1,0,0,0,23152.0,1,38.69444805,-120.86181891,2
2016,2016-05-26,1634,5,1,16,4,N,A,N,A,H,A,D,22,W,01,E,,,,,I,Y,N,D,1,0,0,0,23152.0,1,38.65327191,-120.96182476,3
2016,2016-06-06,820,6,2,8,1,N,A,Y,A,H,A,A,01,S,09,D,,,,,C,Y,N,D,1,0,0,0,21802.0,2,39.03716713,-120.12593704,4
2016,2016-06-08,947,6,2,9,3,N,A,Y,A,H,A,C,02,E,08,F,,,Y,,A,Y,N,D,1,0,0,1,22107.0,1,38.80524619,-120.10048932,3
2016,2016-05-27,1810,5,1,18,5,N,A,Y,A,H,A,A,07,E,08,E,,,,,I,Y,N,D,1,0,0,0,22107.0,1,38.68349559,-120.83742944,3
2016,2016-05-29,1310,5,1,13,7,N,A,N,A,H,A,C,02,N,08,F,,,Y,,A,Y,N,D,1,0,0,1,22107.0,1,38.58576122,-120.96596327,3
2016,2016-05-27,1350,5,1,13,5,N,A,Y,A,H,A,A,01,W,03,C,,,,,C,Y,N,D,3,0,0,0,22350.0,3,38.65933664,-120.97055913,3
2016,2016-05-28,1415,5,1,14,6,N,A,N,A,H,A,-,- ,S,18,E,,,,,I,Y,N,D,1,0,0,0,,1,38.70742663,-121.07574051,4
2016,2016-05-30,1340,5,1,13,1,Y,A,N,A,H,A,A,01,,12,D,,,,,C,Y,N,A,1,0,0,0,22450.0,2,38.69360998,-120.67576992,4
2016,2016-06-03,1422,6,2,14,5,N,A,N,A,H,A,D,22,W,03,C,,,Y,,C,Y,N,D,1,0,0,1,22350.0,2,38.88815177,-120.02729983,3
2016,2016-06-04,1150,6,2,11,6,N,A,Y,A,H,A,L,04,N,03,A,,Y,,,C,N,N,D,1,0,1,0,22350.0,2,38.95138312,-120.08753218,3
2016,2016-05-31,315,5,1,3,2,N,A,N,A,H,D,A,01,S,08,E,,,,,I,Y,N,D,1,0,0,0,22107.0,1,38.7379685,-120.97285166,3
2016,2016-06-01,1735,6,2,17,3,N,B,N,A,H,A,A,07,W,04,C,,,,,C,Y,N,D,1,0,0,0,21703.0,2,38.66032,-120.97275521,4
2016,2016-05-30,1025,5,1,10,1,N,A,N,A,H,A,-,- ,S,18,F,,,,,A,Y,N,D,1,0,0,0,,1,38.77919079,-120.8927192,4
2016,2016-06-01,851,6,2,8,3,N,A,N,A,H,A,A,07,S,03,C,,,,,C,Y,N,D,2,0,0,0,22350.0,2,38.69681465,-120.99525895,4
2016,2016-05-31,1540,5,1,15,2,N,A,N,A,H,A,A,01,S,01,A,,,,,C,Y,N,D,1,0,0,0,23152.0,2,38.69811127,-120.99531576,3
2016,2016-06-02,1550,6,2,15,4,N,A,Y,A,H,A,A,01,W,03,E,,,,,I,Y,N,D,1,0,0,0,22350.0,1,38.7382658,-120.73875399,3
2016,2016-06-12,710,6,2,7,7,N,A,Y,A,H,B,A,01,W,08,E,,,,,I,Y,N,D,1,0,0,0,22107.0,1,38.75991659,-120.52038865,3
2016,2016-06-06,1340,6,2,13,1,N,A,N,A,H,A,D,22,S,03,C,,,,,C,N,N,D,1,0,0,0,22350.0,3,38.90704852,-119.96414212,4
2016,2016-06-07,1330,6,2,13,2,Y,A,N,A,H,A,A,01,,09,D,,,,,C,Y,N,D,2,0,0,0,21801.0,2,38.5981299,-120.72399998,4
2016,2016-06-10,205,6,2,2,5,N,A,N,A,H,D,C,02,S,03,F,,,Y,,I,Y,N,D,1,0,0,1,22350.0,1,38.65142566,-120.93979754,3
2016,2016-06-07,1705,6,2,17,2,Y,A,N,A,H,A,A,01,,03,C,,,,,C,N,N,D,1,0,0,0,22350.0,2,38.66129995,-120.99544992,4
2016,2016-06-10,1230,6,2,12,5,N,A,N,A,H,A,A,07,E,03,C,,,,,C,Y,N,D,2,0,0,0,22350.0,2,38.68154101,-120.85884191,4
2016,2016-05-25,1025,5,1,10,3,N,A,N,A,H,A,A,01,S,08,E,,,,,I,Y,N,D,0,0,0,0,22107.0,1,38.71988664,-120.57573708,1
2016,2016-06-10,2005,6,2,20,5,N,A,N,A,H,A,D,22,S,01,F,,,,,A,Y,M,D,1,0,0,0,23152.0,1,38.67018929,-121.03106565,2
2018,2018-10-08,2500,10,3,25,1,N,A,Y,A,H,C,D,22,E,01,C,,,,,C,N,N,D,1,0,0,0,23152.0,2,38.94865417480469,-119.95738220214844,3
2018,2018-08-19,12,8,2,0,7,Y,A,Y,A,H,D,N,60,,11,G,Y,,,,B,N,N,A,1,1,0,0,21950.0,2,38.94412612915039,-119.97633361816406,2
2018,2018-07-21,1221,7,2,12,6,N,A,Y,A,H,A,C,02,S,03,C,,,Y,,C,Y,N,D,1,0,0,0,22350.0,2,38.901721954345696,-119.99808502197266,2
2018,2018-07-19,1505,7,2,15,4,N,A,Y,A,-,A,M,94,W,17,D,,,,,C,N,N,-,1,0,0,0,21235.0,2,38.94954299926758,-119.95539855957033,3
2018,2018-06-22,1513,6,2,15,5,Y,A,Y,A,H,A,D,22,,09,B,,,Y,,C,Y,N,D,1,0,0,1,21801.0,2,38.92136764526367,-120.01994323730467,2
2018,2018-06-19,2153,6,2,21,2,N,A,Y,A,-,D,A,07,W,09,D,,,Y,,C,Y,N,A,1,0,0,1,21801.0,2,38.924747467041016,-119.98711395263672,2
2018,2018-06-01,30,6,2,0,5,N,A,Y,A,H,D,N,60,W,11,G,Y,,,,B,N,N,D,1,1,0,0,21955.0,2,38.921245574951165,-119.99240112304688,4
2018,2018-10-22,1436,10,3,14,1,N,A,N,A,H,A,A,01,W,03,F,,,,,I,Y,N,A,1,0,0,0,22350.0,1,38.93059539794922,-119.95484161376952,4
2018,2018-10-10,1738,10,3,17,3,Y,A,Y,A,H,A,A,07,,08,D,,Y,,,G,N,N,D,1,0,1,0,22107.0,2,38.9161376953125,-120.00010681152344,2
2018,2018-10-20,1708,10,3,17,6,N,A,Y,A,-,A,A,01,E,09,D,,,,,C,N,N,D,5,0,0,0,21801.0,2,38.919654846191406,-119.99479675292967,2
2016,2016-06-08,1300,6,2,13,3,N,B,N,A,H,A,C,02,W,08,F,,,Y,,A,Y,N,D,1,0,0,1,22107.0,1,38.93217504,-120.48051847,2
2016,2016-06-12,1623,6,2,16,7,N,A,Y,A,H,A,A,01,S,01,E,,,,,I,Y,N,D,1,0,0,0,23152.0,1,38.7731408,-120.81445598,3
2016,2016-06-06,2345,6,2,23,1,Y,A,N,A,H,C,-,- ,,00,D,,,,,C,Y,N,A,1,0,0,0,,2,38.65935739,-120.96902166,4
2016,2016-05-29,1950,5,1,19,7,N,A,N,A,H,B,A,01,E,08,E,,,,,I,Y,N,D,1,0,0,0,22107.0,1,38.67506825,-120.94732673,3
2016,2016-06-20,1521,6,2,15,1,N,A,N,A,H,A,A,01,S,03,C,,,,,C,Y,N,D,1,0,0,0,22350.0,2,38.66053841,-120.93660569,4
2016,2016-06-10,2320,6,2,23,5,N,A,Y,A,H,D,A,01,E,08,F,,,,,I,Y,N,D,1,0,0,0,22107.0,1,38.78055904,-120.25187421,2
2016,2016-06-05,2030,6,2,20,7,N,A,N,A,H,B,C,02,N,01,F,,,Y,,A,Y,N,D,1,0,0,1,23152.0,1,38.58563698,-120.96603769,2
2016,2016-06-16,310,6,2,3,4,N,B,Y,A,H,C,A,07,E,05,E,,,,,I,Y,N,D,1,0,0,0,21650.0,1,38.73979623,-120.69564305,4
2016,2016-06-18,1410,6,2,14,6,Y,A,N,A,H,A,A,01,,09,D,,,,,C,N,N,A,1,0,0,0,21802.0,3,38.66335999,-120.93342989,4
2016,2016-06-14,1755,6,2,17,2,N,B,N,A,H,A,A,07,N,01,F,,,,,A,Y,N,D,1,0,0,0,23152.0,1,38.69240737,-121.0076607,3
2016,2016-05-09,1520,5,1,15,1,N,B,N,A,H,A,A,07,N,08,E,,,,,I,Y,N,D,1,0,0,0,22107.0,1,38.69516756,-120.67307686,3
2016,2016-06-18,1710,6,2,17,6,N,A,Y,A,H,A,C,02,E,03,F,,,Y,,A,Y,N,D,1,0,0,1,22350.0,1,,,2
2016,2016-06-23,1730,6,2,17,4,N,A,Y,A,H,A,D,22,E,03,C,,,,,C,Y,N,D,1,0,0,0,22350.0,2,38.67808601,-120.76986421,4
2016,2016-06-20,1605,6,2,16,1,N,A,N,A,H,A,A,01,S,10,G,Y,,,,B,Y,N,A,1,1,0,0,21950.0,2,38.71091441,-121.08578861,4
2016,2016-06-19,1545,6,2,15,7,N,A,N,A,H,A,A,01,E,01,B,,,,,C,N,N,D,1,0,0,0,23152.0,2,38.68206835,-120.84620687,4
2016,2016-06-09,1550,6,2,15,4,Y,A,N,A,H,A,E,22,,03,A,,,,,C,Y,N,D,1,0,0,0,22350.0,2,38.7740099,-120.45573986,3
2016,2016-06-23,1055,6,2,10,4,N,A,Y,A,H,A,A,07,E,07,E,,,,,I,Y,N,A,1,0,0,0,21658.0,2,38.73138898,-120.7516712,2
2016,2016-06-04,1106,6,2,11,6,N,A,Y,A,H,A,A,01,S,09,D,,,Y,,C,Y,F,D,1,0,0,1,21804.0,2,38.91417911,-121.03814064,3
2016,2016-06-24,1325,6,2,13,5,N,A,Y,A,H,A,C,02,W,06,B,,,Y,,C,Y,N,D,1,0,0,1,21750.0,2,38.80264285,-120.11302432,3
2016,2016-06-22,2125,6,2,21,3,N,A,N,A,H,D,A,01,N,05,E,,,,,I,Y,N,D,2,0,0,0,21650.0,1,38.7365585,-120.57231734,3
2016,2016-07-04,1750,7,2,17,1,N,A,N,A,H,A,A,01,N,08,E,,,,,I,Y,N,D,2,0,0,0,22107.0,1,38.67979789,-121.01675871,4
2016,2016-06-26,1505,6,2,15,7,N,A,Y,A,H,A,A,01,W,03,E,,,,,I,Y,N,D,1,0,0,0,22350.0,1,38.76945789,-120.31404082,3
2016,2016-06-28,1130,6,2,11,2,Y,A,Y,A,H,A,A,07,,09,D,,,,,C,Y,N,D,1,0,0,0,21801.0,2,38.73703977,-120.7078593,4
2016,2016-06-27,1645,6,2,16,1,N,A,N,A,H,A,D,22,S,09,D,,,,,C,Y,N,D,1,0,0,0,21800.0,2,38.72780257,-120.73819863,4
2016,2016-06-26,400,6,2,4,7,N,A,N,A,H,D,A,01,N,05,E,,,,,I,Y,N,D,1,0,0,0,21460.0,1,38.76665477,-120.59944147,3
2016,2016-06-27,653,6,2,6,1,Y,A,N,A,H,A,A,07,,09,F,,,Y,,A,Y,N,D,1,0,0,1,21801.0,2,38.70434222,-120.83160639,4
2016,2016-06-28,958,6,2,9,2,N,A,N,A,H,A,D,22,N,05,E,,,,,I,Y,N,D,1,0,0,0,21650.0,1,38.66256464,-120.92834107,3
2016,2016-06-27,2355,6,2,23,1,Y,A,N,A,H,C,C,02,,03,C,,,Y,Y,C,Y,N,A,1,0,0,1,22350.0,2,38.66139994,-120.97015994,3
2016,2016-06-29,1013,6,2,10,3,N,A,N,A,H,A,D,22,S,05,E,,,,,I,Y,N,D,2,0,0,0,21650.0,1,38.72053981,-120.78479716,3
2016,2016-06-29,800,6,2,8,3,N,A,N,A,H,A,A,07,S,08,E,,,,,I,Y,N,D,1,0,0,0,22107.0,1,38.75051089,-120.56031658,4
2016,2016-07-03,1100,7,2,11,7,N,A,N,A,H,A,C,02,E,05,F,,,Y,,A,Y,N,D,1,0,0,1,21460.0,2,38.92438279,-120.79607045,2
2016,2016-07-03,715,7,2,7,7,Y,A,Y,A,H,A,D,22,,12,D,,,,,C,Y,N,A,1,0,0,0,22450.0,2,38.76071996,-120.57553998,4
2016,2016-07-04,645,7,2,6,1,N,A,Y,A,H,A,A,07,N,08,E,,,,,I,Y,N,D,1,0,0,0,22107.0,1,38.99878636,-120.11073254,4
2016,2016-06-25,5,6,2,0,6,N,A,N,A,H,D,A,07,W,08,E,,,,,J,Y,N,D,1,0,0,0,22107.0,1,38.89865284,-120.98588505,3
2016,2016-07-02,1400,7,2,14,6,N,A,N,A,H,A,A,07,N,05,F,,,,,A,Y,N,D,1,0,0,0,21650.0,1,38.6756714,-120.66524198,3
2016,2016-07-06,915,7,2,9,3,Y,A,N,A,H,A,A,01,,03,C,,,,,C,Y,N,D,1,0,0,0,22350.0,2,38.68837992,-121.07095987,4
2016,2016-07-04,2010,7,2,20,1,N,A,N,A,H,B,D,22,W,01,E,,,,,I,Y,N,D,1,0,0,0,23152.0,1,38.92460448,-120.79550157,3
2016,2016-07-05,2115,7,2,21,2,N,A,N,A,H,D,A,01,N,03,E,,,,,I,Y,N,D,2,0,0,0,22350.0,1,38.71744,-120.7672448,3
2016,2016-07-02,338,7,2,3,6,N,A,N,A,H,D,A,01,N,01,E,,,,,I,Y,N,D,1,0,0,0,23152.0,1,38.68636,-120.64332,3
2016,2016-07-09,1840,7,2,18,6,N,A,Y,A,H,A,A,01,S,05,A,,,,,C,N,N,D,1,0,0,0,21460.0,2,38.94737233,-120.09508803,4
2016,2016-07-02,910,7,2,9,6,N,A,Y,A,H,A,A,07,W,09,D,,,,,C,Y,N,D,1,0,0,0,21801.0,2,,,4
2016,2016-07-05,729,7,2,7,2,N,A,Y,A,H,A,D,22,N,03,B,,Y,,,G,N,N,D,1,0,1,0,22350.0,2,38.79563626,-119.98911936,4
2016,2016-07-02,1925,7,2,19,6,N,A,N,A,H,A,A,01,N,05,A,,,,,C,Y,N,D,1,0,0,0,21460.0,2,38.91955836,-119.97223798,4
2016,2016-06-25,1540,6,2,15,6,N,A,N,A,H,A,A,01,E,01,F,,,,,A,Y,N,D,1,0,0,0,23152.0,1,38.66103594,-120.9412166,4
2016,2016-07-02,2030,7,2,20,6,N,A,Y,A,H,B,A,01,E,07,F,,,,,A,Y,N,D,1,0,0,0,21658.0,3,38.65542068,-121.0286716,4
2016,2016-07-06,1736,7,2,17,3,N,A,N,A,H,A,A,01,S,03,C,,,,,C,Y,N,A,2,0,0,0,22350.0,2,38.65583526,-121.07178616,4
2016,2016-06-23,2120,6,2,21,4,N,A,Y,A,D,C,D,22,W,07,C,,,,,C,Y,N,A,1,0,0,0,21658.0,2,38.65959836,-120.97032088,3
2016,2016-07-06,1015,7,2,10,3,N,A,Y,A,D,A,F,26,W,21,B,,,,Y,C,Y,N,D,1,0,0,0,22106.0,3,38.73291971,-120.7796623,4
2016,2016-07-01,753,7,2,7,5,Y,A,N,A,H,A,A,07,,12,D,,,,Y,C,Y,N,A,1,0,0,0,21453.0,2,38.62770991,-121.05843991,3
2016,2016-07-07,1440,7,2,14,4,N,A,N,A,H,A,A,01,N,05,B,,,,,C,Y,N,D,4,0,0,0,21460.0,3,38.54306711,-120.96969688,3
2016,2016-07-10,147,7,2,1,7,N,A,N,A,H,D,E,22,E,01,E,,,,,I,Y,N,D,1,0,0,0,23152.0,1,38.71818021,-120.92005317,3
2016,2016-07-10,327,7,2,3,7,N,A,Y,A,H,C,D,22,W,08,F,,,,,I,Y,N,D,2,0,0,0,22107.0,1,38.73382382,-120.7728368,3
2016,2016-07-11,1635,7,2,16,1,N,A,N,A,H,A,D,22,E,03,C,,,,,C,Y,N,A,2,0,0,0,22350.0,2,38.67171178,-121.0613605,4
2016,2016-07-12,1900,7,2,19,2,N,A,Y,A,H,A,D,22,W,08,E,,,,,I,N,N,D,1,0,0,0,22107.0,1,,,3
2016,2016-06-29,2212,6,2,22,3,N,A,N,A,H,C,A,01,W,05,A,,,,,C,Y,N,D,2,0,0,0,21460.0,2,38.67945708,-120.95895781,3
2016,2016-07-08,1725,7,2,17,5,N,A,Y,A,H,A,N,60,N,11,G,Y,,,,B,N,N,D,1,1,0,0,21954.0,2,38.93411793,-120.04045421,3
2016,2016-07-08,1240,7,2,12,5,Y,A,N,A,H,A,A,01,,01,B,,,Y,,C,Y,F,D,1,0,0,1,23152.0,3,38.67569993,-120.87945999,2
2016,2016-07-09,2015,7,2,20,6,Y,A,Y,A,H,A,-,99,,12,F,,,Y,,A,N,M,A,1,0,0,1,21453.0,2,38.65816995,-121.05434997,4
2016,2016-07-12,1245,7,2,12,2,N,A,N,A,H,A,A,07,W,08,F,,,,,A,Y,N,D,2,0,0,0,22107.0,1,38.74324122,-120.75084284,4
2016,2016-07-12,1759,7,2,17,2,Y,F,N,A,H,A,L,04,,09,B,,Y,,,G,N,N,A,1,0,1,0,21802.0,2,38.68172994,-121.07128994,3
2016,2016-07-18,525,7,2,5,1,N,A,Y,A,H,D,D,22,E,08,E,,,,,I,Y,M,D,1,0,0,0,22107.0,1,,,3
2016,2016-07-25,1625,7,2,16,1,N,A,N,A,H,A,D,22,S,01,C,,,Y,,C,Y,N,A,3,0,0,1,23152.0,3,38.66055125,-120.99576082,3
2016,2016-07-19,245,7,2,2,2,N,B,Y,A,H,D,A,01,E,03,F,,,,,J,Y,N,D,2,0,0,0,22350.0,1,38.82032889,-120.03657289,3