ACCIDENT_YEAR,COLLISION_DATE,COLLISION_TIME,MONTH,SEASON,24HOURS,DAY_OF_WEEK,INTERSECTION,WEATHER_1,STATE_HWY_IND,ROAD_SURFACE,ROAD_COND_1,LIGHTING,STWD_VEHTYPE_AT_FAULT,CHP_VEHTYPE_AT_FAULT,DIRECTION,PCF_VIOL_CATEGORY,TYPE_OF_COLLISION,PEDESTRIAN_ACCIDENT,BICYCLE_ACCIDENT,MOTORCYCLE_ACCIDENT,TRUCK_ACCIDENT,MVIW,TOW_AWAY,HIT_AND_RUN,CONTROL_DEVICE,NUMBER_INJURED,COUNT_PED_INJURED,COUNT_BICYCLIST_INJURED,COUNT_MC_INJURED,PCF_VIOLATION,PARTY_COUNT,POINT_Y,POINT_X,COLLISION_SEVERITY
2018,2018-11-08,1415,11,3,14,4,N,A,N,A,H,A,A,01,W,05,A,,,,,C,Y,N,D,2,0,0,0,21460.0,2,38.70066833496094,-120.98507690429688,2
2018,2018-11-10,1755,11,3,17,6,N,A,N,A,H,D,A,01,N,08,E,,,,,I,Y,N,D,1,0,0,0,22107.0,1,38.621036529541016,-120.95441436767578,3
2018,2018-10-14,225,10,3,2,7,N,A,Y,A,H,D,A,01,E,01,F,,,,,A,Y,N,A,0,0,0,0,23152.0,1,38.695846557617195,-120.88455200195312,1
2018,2018-11-12,1434,11,3,14,1,N,A,Y,A,H,A,A,01,W,03,C,,,,Y,C,Y,N,D,1,0,0,0,22350.0,3,38.79682159423828,-120.14558410644533,3
2018,2018-11-08,1730,11,3,17,4,N,A,N,A,H,D,-,- ,W,18,H,,,Y,,H,Y,N,A,1,0,0,1,,1,38.573726654052734,-120.67319488525392,3
2018,2018-11-14,750,11,3,7,3,N,A,N,A,H,A,D,22,E,08,E,,,,,I,Y,N,D,1,0,0,0,22107.0,1,38.85659408569336,-120.85301971435548,4
2018,2018-11-14,1440,11,3,14,3,N,A,Y,A,H,A,C,02,E,03,F,,,Y,,A,Y,N,A,1,0,0,1,22350.0,1,38.71126174926758,-120.8384017944336,4
2018,2018-11-15,800,11,3,8,4,N,A,Y,A,H,A,A,01,S,08,F,,,,,A,Y,N,D,1,0,0,0,22107.0,1,38.61570739746094,-120.85189056396484,4
2018,2018-11-15,735,11,3,7,4,N,A,Y,A,H,A,A,01,W,08,E,,,,,I,Y,N,D,1,0,0,0,22107.0,1,38.65975189208984,-120.95517730712892,4
2018,2018-11-15,1000,11,3,10,4,Y,A,N,A,H,A,A,01,,09,D,,,Y,,C,Y,N,A,1,0,0,1,21801.0,2,38.70867919921875,-120.88944244384766,4
2018,2018-11-11,1420,11,3,14,7,N,A,N,A,H,A,C,02,S,03,F,,,Y,,A,Y,N,D,1,0,0,1,22350.0,2,38.65875244140625,-120.5443878173828,2
2018,2018-11-05,847,11,3,8,1,N,A,Y,A,H,A,A,07,W,03,C,,,,,C,Y,N,D,3,0,0,0,22350.0,4,38.73848724365234,-120.73735809326172,4
2018,2018-11-15,1455,11,3,14,4,Y,A,N,A,H,A,A,01,,09,D,,,,,C,Y,N,B,1,0,0,0,21801.0,2,38.668060302734375,-120.90650939941406,4
2018,2018-11-08,2335,11,3,23,4,N,A,N,A,H,D,D,22,N,01,F,,,,,I,Y,N,D,1,0,0,0,23152.0,1,38.75038146972656,-121.05829620361328,3
2018,2018-11-12,1810,11,3,18,1,N,A,N,A,H,C,A,01,S,03,A,,,,,C,Y,N,D,2,0,0,0,22350.0,2,38.655250549316406,-121.07167816162108,2
2018,2018-11-16,1430,11,3,14,5,N,A,Y,A,H,A,A,07,N,08,E,,,,,I,Y,N,D,1,0,0,0,22107.0,1,38.840984344482415,-121.01514434814452,3
2018,2018-11-16,1733,11,3,17,5,N,A,Y,A,H,C,D,22,E,03,C,,,,,C,Y,N,D,1,0,0,0,22350.0,3,,,4
2018,2018-11-11,1158,11,3,11,7,N,A,N,A,H,A,C,02,S,03,B,,,Y,,C,Y,N,D,1,0,0,1,22350.0,2,38.7847785949707,-120.41805267333984,2
2018,2018-11-17,150,11,3,1,6,N,B,N,A,H,D,D,22,S,01,F,,,,,A,Y,N,D,1,0,0,0,23152.0,1,38.70045471191406,-120.66957855224608,2
2018,2018-11-09,2105,11,3,21,5,N,A,Y,A,H,D,A,01,W,08,F,,,,,A,Y,N,D,1,0,0,0,22107.0,1,38.65545654296875,-121.03089904785156,2
2018,2018-11-16,1650,11,3,16,5,N,A,N,A,H,B,C,02,E,03,A,,,Y,,C,N,N,D,2,0,0,2,22350.0,3,38.75798034667969,-120.65415954589844,2
2018,2018-11-17,1750,11,3,17,6,N,A,Y,A,H,C,A,01,W,03,C,,,,,C,N,N,D,3,0,0,0,22350.0,2,38.731544494628906,-120.78672027587892,3
2018,2018-11-18,1417,11,3,14,7,N,A,Y,A,H,A,A,07,W,03,C,,,,,C,Y,N,D,3,0,0,0,22350.0,2,38.7387924194336,-120.72563934326172,2
2018,2018-11-11,330,11,3,3,7,N,A,N,A,H,D,D,22,E,08,E,,,,,I,Y,N,D,1,0,0,0,22107.0,1,38.71498489379882,-120.5387725830078,2
2018,2018-11-10,2106,11,3,21,6,Y,A,N,A,H,C,E,22,,12,D,,,,,C,Y,N,A,1,0,0,0,21453.0,2,38.7113037109375,-120.83953857421876,4
2018,2018-11-19,1415,11,3,14,1,N,A,N,A,H,A,A,01,N,08,E,,,,,I,N,N,D,1,0,0,0,22107.0,1,38.705352783203125,-120.88851928710938,3
2018,2018-11-21,1745,11,3,17,3,N,C,N,B,H,C,D,22,W,01,E,,,,,I,Y,N,D,1,0,0,0,23152.0,1,38.65435791015625,-121.05532836914062,4
2018,2018-11-22,1045,11,3,10,4,N,B,Y,B,H,A,A,07,N,03,E,,,,,I,Y,N,D,1,0,0,0,22350.0,1,38.89517593383789,-121.01596069335938,4
2018,2018-11-21,1314,11,3,13,3,N,B,Y,B,H,A,A,08,N,09,D,,,,,C,N,N,D,1,0,0,0,21804.0,2,38.69331741333008,-120.82353973388672,3
2018,2018-11-19,1531,11,3,15,1,N,A,Y,A,H,A,F,26,E,03,C,,,,Y,C,N,N,D,2,0,0,0,22350.0,2,38.7314338684082,-120.78838348388672,4
2018,2018-11-18,1820,11,3,18,7,N,A,Y,A,C,D,A,07,W,08,F,,,,,A,Y,N,D,2,0,0,0,22107.0,1,38.67938995361328,-120.91567993164062,2
2018,2018-11-22,1305,11,3,13,4,N,B,N,C,H,A,A,07,W,13,E,,,,,I,Y,N,D,1,0,0,0,22515.0,1,38.89401245117188,-119.98692321777344,4
2018,2018-11-23,1710,11,3,17,5,N,C,Y,B,H,D,A,01,E,01,A,,,,,C,Y,N,D,2,0,0,0,23153.0,2,38.737117767333984,-120.71707916259766,2
2018,2018-11-21,1340,11,3,13,3,N,C,N,B,H,A,D,22,S,03,A,,,,,C,Y,N,D,1,0,0,0,22350.0,2,38.78878021240234,-120.74085998535156,4
2018,2018-11-22,1120,11,3,11,4,N,B,N,B,H,A,A,01,E,08,E,,,,,I,Y,N,D,1,0,0,0,22107.0,1,38.91144180297852,-120.83392333984376,3
2018,2018-11-24,1034,11,3,10,6,N,B,N,B,H,A,A,01,N,05,B,,,,,C,Y,N,D,2,0,0,0,21460.0,2,38.68305206298828,-120.8444595336914,4
2018,2018-11-22,1530,11,3,15,4,N,C,N,B,A,A,A,01,W,08,E,,,,,I,N,N,D,1,0,0,0,22107.0,1,,,3
2018,2018-11-24,1345,11,3,13,6,N,B,N,B,H,A,A,07,N,08,E,,,,,I,Y,N,D,1,0,0,0,22107.0,1,38.587772369384766,-121.01020050048828,4
2018,2018-11-24,920,11,3,9,6,N,C,Y,B,H,A,A,07,S,08,E,,,,,J,Y,N,D,1,0,0,0,22107.0,1,38.664566040039055,-120.8534927368164,4
2018,2018-11-26,1725,11,3,17,1,Y,A,N,A,H,D,A,01,,09,D,,,,,C,Y,N,D,2,0,0,0,21801.0,3,38.69232177734375,-121.07283782958984,4
2018,2018-11-24,1145,11,3,11,6,N,B,N,B,H,A,A,07,W,03,F,,,,,A,Y,N,D,1,0,0,0,22350.0,1,38.69298553466797,-120.79502105712892,3
2018,2018-11-27,2220,11,3,22,2,N,B,N,B,H,D,A,01,S,01,E,,,,,I,Y,N,D,1,0,0,0,23152.0,1,38.69151306152344,-120.82284545898438,4
2018,2018-11-28,15,11,3,0,3,N,B,Y,B,H,C,D,22,E,03,B,,,,,C,N,M,D,1,0,0,0,22350.0,2,38.729888916015625,-120.8123016357422,4
2018,2018-11-28,1450,11,3,14,3,Y,B,N,A,H,A,A,07,,09,D,,,,,C,Y,N,D,1,0,0,0,21802.0,2,38.69733047485352,-121.08306121826172,4
2018,2018-11-20,1530,11,3,15,2,N,A,Y,A,H,A,C,02,S,08,F,,,Y,,A,Y,N,D,1,0,0,1,22107.0,1,,,2
2018,2018-11-23,1155,11,3,11,5,N,B,N,B,H,A,A,01,S,03,D,,,,,C,Y,N,D,2,0,0,0,22350.0,2,38.74631881713867,-120.93283081054688,4
2018,2018-11-21,2016,11,3,20,3,N,C,N,B,H,D,D,22,E,01,F,,,,,A,Y,N,A,1,0,0,0,23152.0,1,38.64990997314453,-121.06000518798828,3
2018,2018-11-23,1945,11,3,19,5,N,B,N,B,H,D,A,01,N,08,F,,,,,A,Y,N,A,1,0,0,0,22107.0,1,38.74860763549805,-120.78434753417967,4
2018,2018-11-24,1230,11,3,12,6,N,B,N,B,H,D,A,07,N,01,E,,,,,I,Y,N,D,1,0,0,0,23152.0,1,38.87986373901367,-119.98977661132812,3
2018,2018-11-29,2113,11,3,21,4,Y,B,Y,B,H,C,A,01,,08,E,,,,,I,Y,N,A,1,0,0,0,22107.0,1,38.651718,-121.070012,4
2018,2018-11-30,1630,11,3,16,5,N,A,N,A,H,A,D,22,E,03,C,,,,,C,Y,N,D,1,0,0,0,22350.0,2,38.69531631469727,-120.81040191650392,4
2018,2018-11-23,1526,11,3,15,5,N,D,Y,C,G,A,A,01,S,03,C,,,,,C,Y,N,D,3,0,0,0,22350.0,2,38.7968978881836,-119.98030853271484,4
2018,2018-11-30,1420,11,3,14,5,N,A,N,A,H,A,A,01,S,05,A,,,,,C,Y,N,D,2,0,0,0,21650.0,2,38.67055130004882,-120.99333953857422,3
2018,2018-12-01,2150,12,4,21,6,N,B,N,B,H,D,A,01,W,01,F,,,,,A,Y,N,D,1,0,0,0,23152.0,1,38.714942932128906,-120.71395874023438,3
2018,2018-11-30,1545,11,3,15,5,N,A,N,A,H,A,A,01,S,01,E,,,,,J,Y,N,D,1,0,0,0,23152.0,2,38.906341552734375,-120.8394775390625,4
2018,2018-11-27,1512,11,3,15,2,N,B,N,B,H,A,H,13,W,13,H,,,,,A,N,N,D,5,0,0,0,22515.0,1,38.64323806762695,-120.66522216796876,4
2018,2018-11-29,1403,11,3,14,4,N,B,Y,D,G,A,A,07,W,03,A,,,,,C,Y,N,A,2,0,0,0,22350.0,2,38.842323303222656,-120.04202270507812,3
2018,2018-12-01,1900,12,4,19,6,N,C,Y,C,H,C,A,07,W,03,D,,,,,C,Y,N,D,2,0,0,0,22350.0,2,38.698951721191406,-120.87366485595705,4
2018,2018-12-02,740,12,4,7,7,N,A,Y,C,H,A,A,07,W,03,F,,,,,A,Y,N,D,1,0,0,0,22350.0,1,38.75990295410156,-120.5087661743164,4
2018,2018-12-02,931,12,4,9,7,N,B,Y,C,H,A,A,07,E,03,D,,,,,C,Y,N,D,3,0,0,0,22350.0,2,38.7668342590332,-120.4953384399414,3
2018,2018-12-02,913,12,4,9,7,N,A,N,A,H,A,A,01,W,08,E,,,,,I,Y,N,D,1,0,0,0,22107.0,1,38.712989807128906,-121.05463409423828,2
2018,2018-12-03,1755,12,4,17,1,N,A,Y,B,H,D,A,01,E,05,B,,,,,C,Y,N,D,2,0,0,0,21650.0,3,38.79059219360352,-120.18751525878906,2
2018,2018-12-04,1013,12,4,10,2,N,B,N,A,H,A,A,01,W,08,F,,,,,A,Y,N,D,1,0,0,0,22107.0,1,38.679683685302734,-120.9607391357422,4
2018,2018-12-03,1636,12,4,16,1,N,A,N,A,H,D,-,- ,S,18,E,,,,,H,Y,N,D,1,0,0,0,,1,38.65362930297852,-120.70549774169922,4
2018,2018-12-01,1925,12,4,19,6,N,D,Y,C,H,D,D,22,E,03,F,,,,,A,Y,N,D,1,0,0,0,22350.0,1,38.74852752685546,-120.61593627929688,3
2018,2018-12-03,550,12,4,5,1,N,A,Y,C,H,B,D,22,W,03,A,,,,,I,Y,N,D,1,0,0,0,22350.0,1,38.75383758544922,-120.5981674194336,3
2018,2018-12-01,1748,12,4,17,6,N,D,Y,C,H,D,A,07,E,03,G,Y,,,,B,Y,N,D,2,2,0,0,22350.0,4,38.780704498291016,-120.2426986694336,4
2018,2018-11-30,820,11,3,8,5,N,B,N,B,H,A,A,08,S,03,E,,,,,I,Y,N,D,1,0,0,0,22350.0,1,38.58634948730469,-121.0087432861328,4
2018,2018-12-07,1030,12,4,10,5,N,A,N,A,H,A,A,07,W,08,F,,,,,I,Y,N,D,1,0,0,0,22107.0,1,38.65541076660156,-120.95661926269533,3
2018,2018-12-03,1655,12,4,16,1,N,A,N,B,H,C,A,01,S,01,E,,,,,I,Y,N,D,1,0,0,0,23152.0,1,38.71491622924805,-120.5814971923828,3
2018,2018-12-08,2030,12,4,20,6,N,A,N,A,H,D,A,01,N,01,A,,,,,C,Y,N,D,2,0,0,0,23152.0,2,38.68546676635742,-120.84381866455078,3
2018,2018-12-03,930,12,4,9,1,N,A,N,A,H,A,D,22,N,03,C,,,,,C,Y,N,A,4,0,0,0,22350.0,3,38.71128845214844,-120.83914184570312,4
2018,2018-12-08,1825,12,4,18,6,N,A,N,A,H,D,D,22,N,08,E,,,,,I,Y,N,D,1,0,0,0,22107.0,1,38.57308197021485,-120.99500274658205,3
2018,2018-12-10,1545,12,4,15,1,N,A,N,A,H,A,A,01,E,03,C,,,,,C,Y,N,D,2,0,0,0,22350.0,2,38.70869827270508,-120.88937377929688,4
2018,2018-12-10,1717,12,4,17,1,N,A,N,A,H,C,A,01,S,03,C,,,,,C,N,N,D,1,0,0,0,22350.0,2,38.67526245117188,-120.9902801513672,4
2018,2018-12-08,1315,12,4,13,6,N,A,N,A,H,A,A,07,E,05,B,,,,,C,Y,N,D,4,0,0,0,21460.0,2,38.689895629882805,-120.78704071044922,4
2018,2018-12-04,1925,12,4,19,2,N,B,N,A,H,D,C,02,E,01,C,,,Y,,C,Y,N,D,2,0,0,2,23152.0,2,38.68156814575195,-120.86644744873048,2
2018,2018-12-12,635,12,4,6,3,N,A,N,A,H,B,A,01,S,08,E,,,,,I,Y,N,D,1,0,0,0,22107.0,1,38.66841506958008,-121.0624542236328,4
2018,2018-12-12,1507,12,4,15,3,N,A,N,A,H,A,D,22,S,05,F,,,,,A,Y,M,D,1,0,0,0,21460.0,2,38.58854675292969,-120.96208953857422,4
2018,2018-12-06,1145,12,4,11,4,N,A,N,A,H,A,A,07,E,08,E,,,,,I,Y,N,D,1,0,0,0,22107.0,1,38.73920440673828,-120.66828155517578,3
2018,2018-12-08,1500,12,4,15,6,N,B,N,C,H,A,-,- ,W,00,F,,,,,I,N,N,D,1,0,0,0,,1,38.627559661865234,-120.22384643554688,2
2018,2018-12-05,1905,12,4,19,3,N,B,N,A,H,D,A,01,W,01,E,,,,,I,Y,M,D,1,0,0,0,23152.0,1,38.69234085083008,-120.68495941162108,4
2018,2018-12-14,1705,12,4,17,5,N,A,N,A,H,C,A,01,E,07,D,,,,,C,Y,N,D,2,0,0,0,21658.0,3,38.701953887939446,-121.10527801513672,4
2018,2018-12-16,1250,12,4,12,7,N,A,N,A,H,A,A,07,N,05,F,,,,,I,Y,N,D,1,0,0,0,21650.0,1,38.58742141723633,-121.00978088378906,4
2018,2018-12-16,1520,12,4,15,7,N,A,N,A,H,A,A,01,E,08,E,,,,,I,Y,N,D,1,0,0,0,22107.0,1,38.7657470703125,-120.91845703125,4
2018,2018-12-16,200,12,4,2,7,N,B,Y,A,H,D,D,22,N,01,E,,,,,I,Y,N,D,1,0,0,0,23152.0,1,38.57196807861328,-120.8459243774414,3
2018,2018-12-13,1715,12,4,17,4,N,A,N,A,H,D,A,08,E,03,C,,,,,C,Y,N,D,3,0,0,0,22350.0,3,38.676395416259766,-120.87631225585938,4
2018,2018-12-13,1944,12,4,19,4,Y,A,N,A,H,C,A,01,,12,D,,,,,C,Y,N,A,1,0,0,0,21453.0,2,38.70642852783203,-120.83074951171876,4
2018,2018-12-18,900,12,4,9,2,N,A,Y,B,H,A,A,01,W,03,E,,,,,I,Y,N,D,2,0,0,0,22350.0,1,38.71965026855469,-120.8354263305664,4
2018,2018-12-13,1535,12,4,15,4,N,A,N,A,H,A,C,02,,03,E,,,Y,,I,Y,N,D,1,0,0,1,22350.0,1,38.85853958129882,-120.86354064941406,3
2018,2018-12-12,2340,12,4,23,3,N,A,N,A,H,D,A,01,S,01,E,,,,,I,Y,N,D,1,0,0,0,23152.0,1,38.601608276367195,-120.69512939453124,3
2018,2018-12-15,1107,12,4,11,6,Y,B,N,A,H,A,A,01,,09,D,,,,,C,N,N,A,1,0,0,0,21802.0,2,38.64776992797852,-121.06549835205078,3
2018,2018-12-18,1540,12,4,15,2,N,B,Y,A,H,B,A,08,N,08,E,,,,,I,Y,N,D,1,0,0,0,22107.0,1,38.77313232421875,-120.8144989013672,3
2018,2018-12-20,1010,12,4,10,4,Y,B,N,A,H,A,A,07,,09,D,,,,,C,Y,N,A,2,0,0,0,21802.0,2,38.7380485534668,-120.71227264404295,3
2018,2018-12-13,2130,12,4,21,4,N,B,N,A,H,D,A,07,E,01,F,,,,,I,Y,N,D,1,0,0,0,23152.0,1,38.588691711425774,-120.84140014648438,3
2018,2018-12-13,1955,12,4,19,4,Y,B,N,A,H,D,G,27,,09,D,,,,Y,C,Y,N,D,2,0,0,0,21804.0,2,38.70114135742188,-120.82298278808594,4
2018,2018-12-17,1610,12,4,16,1,N,A,Y,A,H,A,D,22,W,08,H,,,,,A,Y,N,D,1,0,0,0,22107.0,1,38.8986930847168,-120.98252105712892,3
2018,2018-12-19,1328,12,4,13,3,N,A,Y,A,H,A,C,02,W,05,F,,,Y,,A,Y,N,D,1,0,0,1,21650.0,1,38.6484260559082,-121.083740234375,4
2018,2018-12-16,2154,12,4,21,7,N,B,Y,B,H,D,A,07,N,01,E,,,,,I,Y,N,D,1,0,0,0,23152.0,1,39.055023193359375,-120.11822509765624,2
2018,2018-12-16,1709,12,4,17,7,N,B,Y,A,H,D,A,07,W,01,B,,,,,C,Y,N,D,4,0,0,0,23152.0,2,38.76373672485352,-120.3466567993164,2
2018,2018-12-24,1115,12,4,11,1,N,B,Y,B,H,A,-,- ,W,18,E,,,,,I,Y,N,D,1,0,0,0,,1,38.83860397338867,-120.04062652587892,4
2018,2018-12-24,1650,12,4,16,1,N,B,Y,B,H,B,A,07,W,03,E,,,,,I,Y,N,D,2,0,0,0,22350.0,1,38.655956268310554,-121.00238800048828,3
2018,2018-12-23,2320,12,4,23,7,N,B,N,B,H,D,A,07,S,03,F,,,,,J,Y,N,D,1,0,0,0,22350.0,1,38.74726104736328,-120.93219757080078,4
2018,2018-12-15,1529,12,4,15,6,N,B,N,A,H,A,C,02,,03,D,,,Y,,C,Y,N,D,1,0,0,1,22350.0,2,38.85818099975586,-120.8476333618164,3
2018,2018-12-18,2229,12,4,22,2,N,A,Y,A,H,D,A,07,W,08,E,,,,,I,Y,N,D,1,0,0,0,22107.0,1,38.73173141479492,-120.75351715087892,2
2018,2018-12-22,1945,12,4,19,6,Y,A,Y,A,H,C,A,01,,12,D,,,,,C,Y,N,A,1,0,0,0,21453.0,2,38.711273193359375,-120.83956909179688,4
2018,2018-12-23,1705,12,4,17,7,Y,C,N,B,H,C,N,60,,11,G,Y,,,,B,N,N,D,1,1,0,0,21954.0,2,38.698238372802734,-120.99535369873048,2
2018,2018-12-25,1010,12,4,10,2,N,A,Y,B,H,A,D,22,E,03,C,,,,,C,N,N,A,1,0,0,0,22350.0,2,38.7114486694336,-120.83931732177734,4
2018,2018-12-25,1430,12,4,14,2,N,B,Y,B,H,A,D,22,E,03,C,,,,,C,Y,N,D,1,0,0,0,22350.0,3,38.82427597045898,-120.0439224243164,3
2018,2018-12-24,1705,12,4,17,1,Y,C,N,B,H,D,A,07,,01,E,,,,,I,Y,N,D,1,0,0,0,23152.0,1,38.66781997680664,-120.91094207763672,4
2018,2018-12-25,1314,12,4,13,2,Y,A,N,A,H,A,A,01,,09,D,,,,,C,N,N,A,1,0,0,0,21802.0,2,38.70249176025391,-121.08238220214844,4
2018,2018-12-29,1410,12,4,14,6,N,B,Y,A,H,A,A,01,E,08,F,,,,,A,Y,N,D,5,0,0,0,22107.0,1,38.73466110229492,-120.67597198486328,2
2018,2018-12-24,2205,12,4,22,1,N,C,Y,B,H,D,A,01,N,17,D,,,,,C,Y,N,D,5,0,0,0,21461.0,2,38.76936340332031,-120.44747924804688,3
2018,2018-12-29,1250,12,4,12,6,N,A,N,A,H,A,C,02,E,08,E,,,Y,,I,Y,N,D,1,0,0,1,22107.0,1,38.746337890625,-120.6281967163086,2
2018,2018-12-29,1650,12,4,16,6,N,A,Y,A,H,A,A,01,E,03,C,,,,,C,Y,N,A,3,0,0,0,22350.0,3,38.711910247802734,-120.83904266357422,4
2019,2019-01-01,2500,1,4,25,2,N,A,N,C,H,D,D,23,N,03,E,,,,,I,Y,N,D,1,0,0,0,22350.0,1,38.903366088867195,-119.96304321289062,3
2018,2018-12-30,1505,12,4,15,7,Y,A,N,A,H,A,D,22,,03,C,,,,,C,Y,N,D,1,0,0,0,22350.0,3,38.69007110595703,-120.7873992919922,4
2018,2018-12-30,2027,12,4,20,7,N,A,N,A,H,C,A,01,W,01,E,,,,,I,Y,N,D,1,0,0,0,23152.0,1,38.66963958740234,-121.0655517578125,4
2019,2019-01-06,810,1,4,8,7,N,B,Y,C,H,A,A,01,E,03,A,,,,,C,Y,N,A,1,0,0,0,22350.0,2,38.82262802124024,-120.02800750732422,4
2019,2019-01-01,1425,1,4,14,2,N,A,Y,A,H,A,A,01,E,05,A,,,,,C,Y,N,D,1,0,0,0,21650.0,4,38.774761199951165,-120.42327880859376,4
2019,2019-01-06,1342,1,4,13,7,N,B,Y,B,H,A,D,22,S,08,E,,,,,I,Y,N,A,1,0,0,0,22107.0,1,38.71442794799805,-120.81175994873048,3
2019,2019-01-06,1750,1,4,17,7,N,B,N,B,H,D,D,22,N,03,E,,,,,J,Y,N,D,2,0,0,0,22350.0,1,38.68130493164063,-120.92938995361328,4
2019,2019-01-02,1315,1,4,13,3,N,A,N,A,H,A,-,- ,W,00,F,,Y,,,A,N,N,D,1,0,1,0,,1,38.65328598022461,-121.05629730224608,2
2019,2019-01-07,730,1,4,7,1,N,B,Y,B,H,A,A,07,E,08,E,,,,,I,Y,N,D,2,0,0,0,22107.0,1,38.77374649047852,-120.42763519287108,2
2019,2019-01-07,912,1,4,9,1,N,B,N,B,H,A,A,01,N,03,E,,,,,I,Y,N,A,1,0,0,0,22350.0,1,38.5880241394043,-121.01051330566406,3
2019,2019-01-02,1903,1,4,19,3,N,A,N,A,H,D,D,22,S,08,F,,,,,I,Y,N,D,1,0,0,0,22107.0,1,38.57589340209961,-120.9978485107422,4
2019,2019-01-06,1420,1,4,14,7,N,C,Y,B,H,A,A,01,W,03,B,,,,,C,Y,N,D,2,0,0,0,22350.0,2,38.655033111572266,-121.01589965820312,3
2019,2019-01-05,2215,1,4,22,6,N,B,N,B,H,D,D,22,W,08,E,,,,,I,Y,N,D,1,0,0,0,22107.0,1,38.739940643310554,-120.8607177734375,3
2019,2019-01-10,600,1,4,6,4,Y,A,N,B,H,A,A,01,,12,D,,,,,C,Y,N,A,1,0,0,0,22450.0,2,38.69654846191406,-121.00773620605467,4
2019,2019-01-07,700,1,4,7,1,N,B,N,B,H,B,A,01,N,03,E,,,,,I,Y,N,A,1,0,0,0,22350.0,1,38.5880241394043,-121.01051330566406,4
2019,2019-01-07,826,1,4,8,1,N,B,N,B,H,A,A,07,W,03,C,,,,,C,Y,N,A,1,0,0,0,22350.0,2,38.70998764038086,-121.08007049560548,4
2019,2019-01-06,1935,1,4,19,7,N,C,N,B,H,D,A,07,S,05,A,,,,,C,Y,N,D,3,0,0,0,21460.0,2,38.687801361083984,-120.82720947265624,2
2019,2019-01-13,25,1,4,0,7,N,A,Y,A,H,D,A,01,E,08,E,,,,,I,Y,N,D,1,0,0,0,22107.0,1,38.6842155456543,-120.91122436523438,2
2019,2019-01-10,1635,1,4,16,4,N,A,Y,A,H,A,A,01,E,03,C,,,,,C,Y,N,D,1,0,0,0,22350.0,2,38.66493988037109,-120.93270111083984,4
2019,2019-01-11,1825,1,4,18,5,N,A,Y,A,H,D,A,01,N,08,E,,,,,I,Y,N,D,2,0,0,0,22107.0,1,38.589252471923835,-121.01143646240234,3
2019,2019-01-12,1515,1,4,15,6,N,A,N,A,H,A,C,02,S,03,F,,,Y,,A,Y,N,D,1,0,0,1,22350.0,1,38.7874870300293,-121.02393341064452,3
2018,2018-11-15,2350,11,3,23,4,N,A,N,A,H,D,A,01,E,01,E,,,,,I,Y,N,D,0,0,0,0,23152.0,1,38.71287155151367,-120.90108489990234,1
2019,2019-01-15,1410,1,4,14,2,Y,C,N,B,H,A,A,01,,12,D,,,,,C,Y,N,A,2,0,0,0,21453.0,2,,,4
2019,2019-01-11,410,1,4,4,5,N,A,N,A,H,D,A,07,W,08,E,,,,,J,Y,N,D,1,0,0,0,22107.0,1,38.692337036132805,-120.68438720703124,4
2019,2019-01-15,1508,1,4,15,2,N,D,N,C,H,A,-,99,E,03,C,,,,,C,N,M,D,1,0,0,0,22350.0,2,38.86165618896485,-120.00770568847656,4
2019,2019-01-10,1805,1,4,18,4,N,B,Y,B,H,C,A,07,,03,C,,,,,C,Y,M,A,3,0,0,0,22350.0,3,,,3
2019,2019-01-17,2045,1,4,20,4,N,D,Y,C,H,D,A,01,W,03,E,,,,,I,Y,N,D,1,0,0,0,22350.0,1,38.7831916809082,-120.22413635253906,4
2019,2019-01-14,734,1,4,7,1,N,B,N,A,H,A,A,01,N,03,C,,,,,C,N,N,A,2,0,0,0,22350.0,4,38.64692306518555,-121.06832122802734,4
2019,2019-01-19,1551,1,4,15,6,N,A,N,A,H,A,A,01,E,03,C,,,,,C,Y,N,A,1,0,0,0,22350.0,2,38.6591682434082,-120.94603729248048,4