ACCIDENT_YEAR,COLLISION_DATE,COLLISION_TIME,MONTH,SEASON,24HOURS,DAY_OF_WEEK,INTERSECTION,WEATHER_1,STATE_HWY_IND,ROAD_SURFACE,ROAD_COND_1,LIGHTING,STWD_VEHTYPE_AT_FAULT,CHP_VEHTYPE_AT_FAULT,DIRECTION,PCF_VIOL_CATEGORY,TYPE_OF_COLLISION,PEDESTRIAN_ACCIDENT,BICYCLE_ACCIDENT,MOTORCYCLE_ACCIDENT,TRUCK_ACCIDENT,MVIW,TOW_AWAY,HIT_AND_RUN,CONTROL_DEVICE,NUMBER_INJURED,COUNT_PED_INJURED,COUNT_BICYCLIST_INJURED,COUNT_MC_INJURED,PCF_VIOLATION,PARTY_COUNT,POINT_Y,POINT_X,COLLISION_SEVERITY
2020,2020-08-30,1610,8,2,16,7,N,A,N,A,H,A,C,02,W,03,E,,,Y,,I,N,N,D,0,0,0,0,22350.0,1,38.632362365722656,-120.5430908203125,1
2020,2020-08-07,1451,8,2,14,5,N,A,N,A,H,A,A,07,E,01,D,,,,,C,Y,N,D,0,0,0,0,23152.0,2,38.727909088134766,-120.82018280029295,1
2020,2020-10-09,1848,10,3,18,5,N,A,Y,A,H,B,A,01,E,06,E,,,,,I,Y,N,D,1,0,0,0,21750.0,2,38.70606231689453,-120.8531494140625,2
2020,2020-10-08,110,10,3,1,4,N,A,N,A,H,D,A,01,E,01,E,,,,,I,Y,N,D,1,0,0,0,23152.0,1,38.73900604248047,-120.6655044555664,2
2020,2020-10-10,420,10,3,4,6,N,A,Y,A,H,D,A,07,E,08,E,,,,,I,Y,N,D,1,0,0,0,22107.0,1,38.79093933105469,-120.19398498535156,3
2020,2020-10-13,850,10,3,8,2,N,A,N,A,H,A,A,07,W,08,E,,,,,I,Y,N,D,1,0,0,0,22107.0,1,38.72013854980469,-120.88098907470705,4
2020,2020-10-11,1340,10,3,13,7,N,A,Y,A,H,A,A,01,W,05,B,,,,,C,Y,N,D,2,0,0,0,21460.0,2,38.78839111328125,-120.17436981201172,4
2020,2020-10-09,1200,10,3,12,5,N,A,Y,A,H,A,A,07,E,03,C,,,,,C,Y,N,D,2,0,0,0,22350.0,2,38.729877471923835,-120.81336212158205,3
2020,2020-10-10,40,10,3,0,6,N,A,N,A,H,D,D,22,S,01,F,,,,,A,Y,N,D,1,0,0,0,23152.0,1,38.68021774291992,-120.92950439453124,3
2020,2020-10-10,1616,10,3,16,6,Y,A,Y,A,H,A,A,07,,09,D,,,,,C,Y,N,D,5,0,0,0,21801.0,2,38.73729705810546,-120.71787261962892,2
2020,2020-10-11,935,10,3,9,7,N,A,N,A,H,A,-,- ,N,18,F,,,Y,,A,N,N,D,1,0,0,1,,1,38.67455673217773,-120.887451171875,2
2020,2020-09-05,2310,9,3,23,6,N,A,N,A,H,D,C,02,W,03,F,,,Y,,A,Y,N,D,0,0,0,0,22350.0,1,38.70082092285156,-120.98468017578124,1
2020,2020-10-12,2500,10,3,25,1,N,A,N,A,H,C,A,01,N,03,E,,,,,I,Y,M,D,1,0,0,0,22350.0,1,38.64818954467773,-120.95503997802734,3
2020,2020-10-12,1553,10,3,15,1,Y,A,N,A,H,A,D,22,,12,D,,,,,D,Y,N,A,2,0,0,0,21453.0,2,38.627708435058594,-121.05844116210938,3
2020,2020-10-18,1200,10,3,12,7,N,A,Y,A,H,A,C,02,N,03,F,,,Y,,A,Y,N,D,1,0,0,1,22350.0,1,38.8214111328125,-120.82186889648438,4
2020,2020-10-16,408,10,3,4,5,N,A,N,A,H,D,A,01,N,05,A,,,,,C,Y,N,D,3,0,0,0,21460.0,2,38.689483642578125,-120.8865966796875,3
2020,2020-10-17,1040,10,3,10,6,N,A,N,A,H,A,A,01,S,03,E,,,,,I,Y,N,D,1,0,0,0,22350.0,1,38.71427917480469,-120.71392822265624,4
2020,2020-10-19,930,10,3,9,1,N,A,Y,A,H,A,A,01,E,08,E,,,,,I,Y,N,D,1,0,0,0,22107.0,1,38.90127182006836,-120.90419006347656,4
2020,2020-06-15,1856,6,2,18,1,Y,A,Y,A,H,A,A,07,,01,A,,,,,C,Y,N,D,2,0,0,0,23153.0,2,38.9200325012207,-119.99423217773438,3
2020,2020-06-02,1137,6,2,11,2,Y,A,Y,A,H,A,C,02,,12,D,,,Y,,C,Y,N,A,1,0,0,1,21453.0,2,38.9461669921875,-119.96439361572266,3
2020,2020-06-08,1910,6,2,19,1,N,A,Y,A,H,A,A,01,W,01,B,,,,,C,Y,N,D,1,0,0,0,23152.0,3,38.94572830200195,-119.97138214111328,3
2020,2020-10-18,1120,10,3,11,7,N,A,Y,A,H,A,A,01,W,03,E,,,,,I,Y,N,A,3,0,0,0,22350.0,3,38.804214477539055,-120.11038208007812,3
2020,2020-09-09,2005,9,3,20,3,N,A,N,A,H,D,-,- ,W,18,E,,,Y,,H,Y,N,D,0,0,0,0,,1,38.70021438598633,-120.98788452148438,1
2020,2020-10-16,1050,10,3,10,5,N,A,Y,A,H,A,A,01,E,01,C,,,,,C,Y,N,D,1,0,0,0,23152.0,2,38.65541458129882,-121.02882385253906,3
2020,2020-10-10,1125,10,3,11,6,N,A,Y,A,H,A,A,01,E,01,C,,,,,C,Y,F,D,2,0,0,0,23152.0,3,38.657318115234375,-120.98789978027344,2
2020,2020-10-19,1115,10,3,11,1,N,A,Y,A,H,A,A,07,E,08,A,,,,,C,Y,N,D,3,0,0,0,22107.0,2,38.90087127685546,-120.9353485107422,2
2020,2020-10-17,2235,10,3,22,6,N,A,Y,A,H,D,A,01,S,01,E,,,,,I,Y,N,D,1,0,0,0,23152.0,1,38.70145797729492,-120.81137847900392,2
2020,2020-10-15,1036,10,3,10,4,N,A,N,A,H,A,F,27,W,03,F,,,,Y,A,Y,N,D,2,0,0,0,22350.0,1,38.8704948425293,-119.99470520019533,4
2020,2020-10-17,1015,10,3,10,6,N,A,Y,A,H,A,D,22,N,03,E,,,,,I,Y,N,D,1,0,0,0,22350.0,1,38.822460174560554,-120.9351043701172,3
2020,2020-10-18,2220,10,3,22,7,N,A,Y,A,H,D,D,22,N,08,E,,,,,I,Y,N,D,1,0,0,0,22107.0,1,38.67122650146485,-120.8521728515625,2
2020,2020-10-18,1604,10,3,16,7,N,A,N,A,H,A,A,01,W,03,C,,,,,C,Y,N,A,1,0,0,0,22350.0,2,38.67073440551758,-120.89311981201172,4
2020,2020-10-18,1755,10,3,17,7,N,A,Y,A,H,A,A,01,W,03,C,,,,,C,Y,N,D,3,0,0,0,22350.0,4,38.660274505615234,-120.94863128662108,4
2020,2020-10-18,1736,10,3,17,7,Y,A,N,A,H,A,L,04,,09,D,,Y,,,G,N,N,A,1,0,1,0,21804.0,2,38.90771865844727,-120.83763122558594,2
2020,2020-10-18,2335,10,3,23,7,N,A,N,A,H,D,A,01,W,08,D,,,,,C,Y,N,D,2,0,0,0,22107.0,2,38.71218490600586,-120.89658355712892,2
2020,2020-10-18,1315,10,3,13,7,N,A,N,A,H,A,C,02,S,03,F,,,Y,,A,Y,N,D,1,0,0,1,22350.0,1,38.87678909301758,-120.84629058837892,2
2020,2020-10-19,1135,10,3,11,1,N,A,Y,A,H,A,A,07,N,21,C,,,,,C,N,N,D,1,0,0,0,22106.0,2,38.824310302734375,-120.04411315917967,3
2020,2020-10-19,38,10,3,0,1,N,A,N,A,H,D,A,01,E,01,E,,,,,I,Y,N,D,1,0,0,0,23152.0,1,38.70773696899414,-120.95894622802734,2
2020,2020-10-21,1300,10,3,13,3,N,A,N,A,H,A,A,01,E,17,A,,,,,C,Y,M,A,1,0,0,0,21662.0,2,38.7057991027832,-120.64656829833984,3
2020,2020-10-24,2210,10,3,22,6,N,A,N,A,H,D,A,07,N,01,C,,,,,E,Y,N,D,1,0,0,0,23152.0,2,38.7543830871582,-120.5771942138672,3
2020,2020-10-27,1430,10,3,14,2,N,A,Y,A,A,A,C,06,N,03,F,,,Y,,A,N,N,D,1,0,0,1,22350.0,1,,,2
2020,2020-10-25,1718,10,3,17,7,N,A,Y,A,H,A,D,22,S,01,E,,,,,I,Y,N,A,1,0,0,0,23152.0,1,38.614795684814446,-120.85230255126952,3
2020,2020-10-26,550,10,3,5,1,N,A,N,A,H,D,D,22,S,08,F,,,,,A,Y,N,D,2,0,0,0,22107.0,1,38.627307891845696,-121.05833435058594,3
2020,2020-10-23,1000,10,3,10,5,N,A,Y,A,H,A,A,01,E,08,E,,,,,I,Y,N,D,1,0,0,0,22107.0,1,38.6968002319336,-120.87908172607422,4
2020,2020-10-28,1320,10,3,13,3,N,A,Y,A,H,A,-,- ,E,18,H,,,,,A,N,N,D,1,0,0,0,,1,38.807430267333984,-120.09640502929688,2
2020,2020-10-23,1730,10,3,17,5,N,A,N,A,H,A,J,48,N,03,C,,,,,C,N,N,D,1,0,0,0,22350.0,2,38.86294937133789,-120.00147247314452,4
2020,2020-10-29,38,10,3,0,4,N,A,Y,A,H,D,A,01,W,03,C,,,,,C,N,N,D,1,0,0,0,22350.0,2,38.6614990234375,-120.94202423095705,4
2020,2020-10-30,830,10,3,8,5,N,A,Y,A,H,A,D,22,W,03,C,,,,,C,N,N,A,1,0,0,0,22350.0,2,38.65760040283203,-121.05760192871094,4
2020,2020-10-28,1640,10,3,16,3,N,A,N,A,H,A,D,22,,05,A,,,,,C,Y,N,D,2,0,0,0,21460.0,2,38.64767837524414,-120.68665313720705,2
2020,2020-10-29,1540,10,3,15,4,N,A,N,A,H,A,A,01,,03,C,,,,,C,Y,N,D,2,0,0,0,22350.0,2,38.74065017700195,-120.75814056396484,3
2020,2020-10-31,1430,10,3,14,6,N,A,Y,A,H,A,E,22,,13,G,,,,,B,Y,N,D,2,0,0,0,22515.0,1,,,3
2020,2020-10-31,2500,10,3,25,6,N,A,N,A,H,D,A,01,E,08,E,,,,,I,Y,N,D,1,0,0,0,22107.0,1,38.74459457397461,-120.6513442993164,2
2020,2020-10-30,1455,10,3,14,5,N,A,N,A,H,A,A,08,N,09,A,,,,,C,Y,N,A,1,0,0,0,21801.0,2,38.65568161010742,-121.02980041503906,2
2020,2020-09-27,1520,9,3,15,7,Y,A,N,A,H,A,D,22,,09,D,,,Y,,C,Y,N,D,0,0,0,0,21802.0,2,38.76887893676758,-120.92530822753906,1
2020,2020-11-02,2035,11,3,20,1,N,A,Y,A,H,D,A,01,N,03,E,,,,,I,Y,N,D,1,0,0,0,22350.0,1,38.89137268066406,-121.01581573486328,3
2020,2020-07-28,941,7,2,9,2,N,A,N,A,H,A,I,11,E,03,B,,,,,E,Y,N,D,1,0,0,0,22350.0,2,38.726783752441406,-120.80168151855467,4
2020,2020-11-01,1505,11,3,15,7,N,A,Y,A,H,A,A,01,W,21,D,,,,,C,Y,N,D,6,0,0,0,22106.0,4,38.73843765258789,-120.72199249267578,2
2020,2020-10-27,1500,10,3,15,2,N,A,N,A,H,A,N,60,E,11,G,Y,,,,B,N,N,A,1,1,0,0,21954.0,2,38.67760467529297,-121.08828735351562,2
2020,2020-11-02,710,11,3,7,1,N,A,N,A,H,A,A,01,E,03,C,,,,,C,N,N,A,1,0,0,0,22350.0,2,38.66160583496094,-120.93699645996094,3
2020,2020-11-03,1635,11,3,16,2,N,A,N,A,H,B,A,01,W,03,C,,,,,C,Y,N,A,1,0,0,0,22350.0,2,38.68192672729492,-120.85636138916016,4
2020,2020-11-03,1025,11,3,10,2,N,A,Y,A,H,A,A,07,W,21,C,,,,,C,N,N,A,1,0,0,0,22106.0,2,,,3
2020,2020-11-10,1135,11,3,11,2,N,A,N,A,H,A,L,04,E,08,F,,Y,,,I,N,N,A,1,0,1,0,22107.0,1,38.682090759277344,-121.07518768310548,3
2020,2020-11-05,610,11,3,6,4,N,A,Y,A,H,A,D,22,E,07,B,,,,Y,C,Y,N,D,1,0,0,0,21658.0,2,38.65666580200195,-121.04375457763672,3
2020,2020-11-08,1451,11,3,14,7,N,B,Y,C,G,A,A,07,S,03,C,,,,,C,Y,N,A,1,0,0,0,22350.0,2,38.79304885864258,-120.0109405517578,4
2020,2020-11-13,2205,11,3,22,5,N,B,N,C,H,D,D,22,N,01,E,,,,,I,Y,N,D,1,0,0,0,23152.0,1,38.85380172729492,-120.03534698486328,3
2020,2020-11-12,1900,11,3,19,4,N,A,Y,A,H,D,A,07,E,08,D,,,,,C,Y,N,D,1,0,0,0,22107.0,2,38.8170166015625,-120.08095550537108,4
2020,2020-11-10,1328,11,3,13,2,Y,A,Y,A,H,A,A,01,,09,A,,,,,C,Y,N,D,1,0,0,0,21801.0,3,38.73734664916992,-120.7180404663086,4
2020,2020-11-12,1230,11,3,12,4,N,A,Y,A,H,A,-,- ,E,18,E,,,,,I,Y,N,D,1,0,0,0,,1,38.73690032958984,-120.71056365966795,4
2020,2020-10-05,1330,10,3,13,1,N,B,N,A,H,A,A,07,S,08,F,,,,,A,Y,N,D,0,0,0,0,22107.0,1,38.638370513916016,-120.83660125732422,1
2020,2020-11-08,30,11,3,0,7,N,A,N,A,H,D,A,01,S,03,E,,,,,I,Y,N,D,1,0,0,0,22350.0,1,38.65119552612305,-120.69908142089844,4
2020,2020-11-13,1547,11,3,15,5,N,B,Y,B,H,A,D,22,S,03,F,,,,,A,Y,N,D,1,0,0,0,22350.0,1,38.60064315795898,-120.85146331787108,3
2020,2020-11-13,1520,11,3,15,5,Y,C,N,B,H,A,A,01,,03,C,,,,,C,Y,N,D,2,0,0,0,22350.0,2,38.65507125854492,-120.95735168457033,4
2020,2020-11-15,1428,11,3,14,7,N,A,N,A,H,A,A,01,S,03,E,,,,,I,Y,N,D,0,0,0,0,22350.0,1,38.679718017578125,-120.84806060791016,1
2020,2020-11-13,1500,11,3,15,5,N,C,Y,B,H,A,E,22,W,03,E,,,,,I,Y,N,D,2,0,0,0,22350.0,1,38.66234588623047,-120.93795776367188,4
2020,2020-11-15,100,11,3,1,7,N,A,N,A,H,D,A,01,W,08,E,,,,,J,N,N,D,1,0,0,0,22107.0,1,38.78226852416992,-121.03417205810548,3
2020,2020-11-14,1320,11,3,13,6,Y,A,Y,A,H,A,A,07,,09,D,,,,,C,N,N,D,2,0,0,0,21801.0,2,38.73732376098633,-120.71796417236328,4
2020,2020-11-14,1750,11,3,17,6,Y,A,N,A,H,D,A,01,,01,D,,,,,C,Y,N,D,2,0,0,0,23152.0,2,38.76887893676758,-120.92530822753906,4
2020,2020-11-17,1906,11,3,19,2,Y,C,N,B,H,C,A,01,,08,D,,,,,C,Y,N,A,1,0,0,0,22107.0,2,38.661399841308594,-120.97016143798828,3
2020,2020-11-18,1550,11,3,15,3,N,C,Y,B,H,A,A,01,E,03,F,,,,,A,Y,N,D,1,0,0,0,22350.0,1,38.65731048583984,-120.9877700805664,3
2020,2020-11-18,130,11,3,1,3,N,C,N,B,H,D,A,01,S,01,E,,,,,I,Y,N,D,1,0,0,0,23152.0,1,38.68701934814453,-120.79106903076172,3
2020,2020-11-19,1545,11,3,15,4,N,A,N,A,H,A,D,22,S,03,C,,,,,C,N,N,A,1,0,0,0,22350.0,2,38.69897079467773,-120.99559783935548,4
2020,2020-11-23,2300,11,3,23,1,N,A,N,A,H,D,A,01,N,08,E,,,,,I,Y,N,D,1,0,0,0,22107.0,1,38.57328414916992,-120.99525451660156,4
2020,2020-11-22,1820,11,3,18,7,Y,A,N,A,H,C,A,01,,12,D,,,,,C,Y,N,A,1,0,0,0,21453.0,2,38.65671920776367,-121.07192230224608,4
2020,2020-11-20,1828,11,3,18,5,Y,A,N,A,H,D,D,22,,09,D,,,,,C,Y,N,A,1,0,0,0,21802.0,2,38.668060302734375,-120.90650939941406,3
2020,2020-11-24,755,11,3,7,2,N,A,N,A,H,A,-,99,N,03,C,,,,,C,N,M,D,1,0,0,0,22350.0,2,38.761821746826165,-120.57599639892578,4
2020,2020-11-26,1210,11,3,12,4,N,A,N,A,H,A,D,22,W,08,E,,,,,I,Y,N,D,1,0,0,0,22107.0,1,38.88702774047852,-120.03204345703124,4
2020,2020-11-26,552,11,3,5,4,N,A,Y,A,H,D,-,- ,E,18,H,,,,,H,Y,N,D,1,0,0,0,,1,38.6986083984375,-120.8738250732422,3
2020,2020-11-25,1639,11,3,16,3,N,A,N,A,H,A,A,01,W,03,E,,,,,I,Y,N,D,1,0,0,0,22350.0,1,38.557632446289055,-120.98268127441406,3
2020,2020-11-22,1220,11,3,12,7,N,A,Y,A,H,A,C,02,N,03,E,,,Y,,I,Y,N,D,1,0,0,1,22350.0,1,38.775634765625,-120.82630920410156,3
2020,2020-11-23,1128,11,3,11,1,N,A,N,A,H,A,A,01,S,03,C,,,,,C,Y,N,D,1,0,0,0,22350.0,3,38.69827651977539,-120.82311248779295,4
2020,2020-11-26,2118,11,3,21,4,N,A,N,A,H,D,A,01,E,08,E,,,,,I,Y,N,D,1,0,0,0,22107.0,1,38.757511138916016,-120.90230560302734,3
2020,2020-11-25,1545,11,3,15,3,N,A,N,A,H,A,A,07,N,08,E,,,,,I,Y,N,D,1,0,0,0,22107.0,1,38.66402816772461,-121.07452392578124,3
2020,2020-11-26,1225,11,3,12,4,N,A,Y,A,H,A,C,02,N,03,E,,,Y,,I,Y,N,D,1,0,0,1,22350.0,1,38.79517364501953,-120.88550567626952,2
2020,2020-11-26,1800,11,3,18,4,N,A,N,A,H,D,A,07,S,01,E,,,,,I,Y,N,D,1,0,0,0,23152.0,1,38.55454254150391,-120.72911834716795,3
2020,2020-11-27,1735,11,3,17,5,Y,A,N,A,H,C,D,22,,09,D,,,,,C,Y,N,A,1,0,0,0,21453.0,3,38.69855117797852,-121.0077667236328,4
2020,2020-11-26,1340,11,3,13,4,N,A,N,A,H,A,D,22,,01,A,,,,,C,Y,N,D,2,0,0,0,23152.0,2,38.71036148071289,-120.83783721923828,2
2020,2020-11-27,1716,11,3,17,5,N,A,Y,A,H,B,A,07,W,03,C,,,,,C,Y,N,D,1,0,0,0,22350.0,2,38.67598342895508,-120.91957092285156,3
2020,2020-11-28,1550,11,3,15,6,N,A,N,C,H,A,C,02,N,03,F,,,Y,,A,Y,N,D,1,0,0,1,22350.0,1,38.551128387451165,-120.45743560791016,2
2020,2020-11-29,1420,11,3,14,7,N,A,Y,A,H,A,A,01,S,05,B,,,,,C,Y,N,A,2,0,0,0,21460.0,2,38.67177581787109,-120.85206604003906,4
2020,2020-12-01,1525,12,4,15,2,Y,A,N,A,H,A,A,07,,12,D,,,,,C,Y,N,A,1,0,0,0,21453.0,2,38.661399841308594,-120.97016143798828,4
2020,2020-12-01,1500,12,4,15,2,N,A,Y,A,H,A,A,07,E,08,F,,,,,A,Y,N,D,1,0,0,0,22107.0,1,38.735748291015625,-120.74368286132812,3
2020,2020-12-02,1640,12,4,16,3,N,A,Y,A,H,B,A,01,E,01,C,,,,,C,Y,N,D,2,0,0,0,23152.0,2,38.6581916809082,-121.05421447753906,3
2020,2020-12-01,1600,12,4,16,2,N,A,N,A,H,A,A,01,S,01,E,,,,,I,Y,N,D,1,0,0,0,23152.0,1,38.7576904296875,-120.57538604736328,3
2020,2020-07-26,1650,7,2,16,7,N,A,N,A,H,A,-,,E,21,G,Y,,,,B,N,N,D,1,1,0,0,22106.0,2,,,3
2020,2020-12-01,1555,12,4,15,2,N,A,N,A,H,A,A,07,N,01,E,,,,,I,Y,N,D,1,0,0,0,23152.0,1,38.937686920166016,-120.7947006225586,3
2020,2020-12-02,2235,12,4,22,3,N,A,N,A,H,D,C,02,N,08,F,,,Y,,A,Y,N,D,1,0,0,1,22107.0,1,38.69332885742188,-120.83708190917967,2
2020,2020-12-03,1340,12,4,13,4,N,A,Y,A,H,A,A,01,S,03,C,,,,,C,Y,N,A,1,0,0,0,22350.0,2,38.71136474609375,-120.83908081054688,4
2020,2020-12-04,1720,12,4,17,5,N,A,Y,A,H,C,A,01,W,08,E,,,,,I,Y,N,D,1,0,0,0,22107.0,1,38.72063827514648,-120.83468627929688,4
2020,2020-12-04,505,12,4,5,5,N,A,Y,A,H,D,A,01,W,08,B,,,,,I,Y,N,D,1,0,0,0,22107.0,1,38.73287963867188,-120.78046417236328,4
2020,2020-12-05,1330,12,4,13,6,N,A,N,A,H,A,A,01,W,08,A,,,,,C,Y,N,D,2,0,0,0,22107.0,2,38.740428924560554,-120.85588836669922,4
2020,2020-12-05,1310,12,4,13,6,N,A,N,A,H,A,A,07,W,06,B,,Y,,,G,N,N,D,1,0,1,0,21750.0,2,,,4
2020,2020-12-09,455,12,4,4,3,N,A,N,A,H,D,A,07,E,08,E,,,,,I,Y,N,D,1,0,0,0,22107.0,1,38.8452262878418,-120.8413314819336,4
2020,2020-12-10,605,12,4,6,4,N,A,N,A,H,D,D,22,W,05,E,,,,,I,Y,N,D,1,0,0,0,21650.0,1,,,4
2020,2020-12-05,1940,12,4,19,6,N,A,N,A,H,D,C,02,W,08,E,,,Y,,I,Y,N,D,1,0,0,1,22107.0,1,38.653594970703125,-120.96100616455078,2
2020,2020-06-12,348,6,2,3,5,N,A,N,A,H,D,A,07,S,01,E,,,,,I,Y,N,D,1,0,0,0,23152.0,1,38.923828125,-119.95525360107422,4
2020,2020-12-09,1102,12,4,11,3,Y,A,N,A,H,A,D,22,,03,C,,,,,C,N,N,D,1,0,0,0,22350.0,2,38.668060302734375,-120.90650939941406,4
2020,2020-12-13,1940,12,4,19,7,N,D,Y,C,H,D,A,07,W,03,E,,,,,I,Y,N,D,1,0,0,0,22350.0,1,38.783390045166016,-120.2302017211914,4
2020,2020-12-14,1613,12,4,16,1,N,A,N,C,H,A,A,07,N,03,E,,,,,I,Y,N,D,1,0,0,0,22350.0,1,38.87641525268555,-119.9910125732422,4
2020,2020-12-13,1835,12,4,18,7,Y,B,N,B,H,D,D,22,,12,D,,,,,C,Y,N,A,2,0,0,0,21453.0,2,38.71009826660156,-121.0785903930664,4
2020,2020-12-17,1400,12,4,14,4,N,B,Y,B,H,A,A,01,W,03,E,,,,,I,Y,N,D,1,0,0,0,22350.0,1,38.892677307128906,-120.8677215576172,4
2020,2020-12-16,740,12,4,7,3,N,B,N,A,H,A,D,22,N,04,C,,,,,C,N,N,D,1,0,0,0,21703.0,2,38.6499252319336,-121.069091796875,4
2020,2020-12-17,1038,12,4,10,4,N,D,Y,C,H,A,D,22,W,03,C,,,,,C,Y,N,D,1,0,0,0,22350.0,2,38.76363754272461,-120.33301544189452,3
2020,2020-12-24,1550,12,4,15,4,N,A,N,C,H,A,D,22,N,03,E,,,,,I,Y,N,D,2,0,0,0,22350.0,1,38.8535041809082,-120.03490447998048,3
2020,2020-12-22,1850,12,4,18,2,N,A,N,A,H,C,N,60,S,11,G,Y,,,,B,N,N,A,1,1,0,0,21954.0,2,38.70448303222656,-120.82760620117188,2
2020,2020-12-23,1210,12,4,12,3,Y,A,N,A,H,A,D,22,,12,D,,,,,C,N,N,A,1,0,0,0,21453.0,2,38.69860076904297,-120.8230209350586,4
2020,2020-12-26,1550,12,4,15,6,N,B,Y,B,H,A,D,22,S,03,E,,,,,I,Y,N,D,1,0,0,0,22350.0,1,38.91032791137695,-121.03254699707033,4
2020,2020-12-28,1710,12,4,17,1,Y,B,Y,A,H,D,A,01,,01,D,,,,,C,Y,N,A,1,0,0,0,23152.0,2,38.73779678344727,-120.6653060913086,2
2020,2020-12-28,700,12,4,7,1,N,B,N,B,H,A,A,01,N,03,C,,,,,C,Y,N,A,2,0,0,0,22350.0,2,38.641380310058594,-121.06565856933594,4
2020,2020-12-28,1133,12,4,11,1,Y,B,N,A,H,A,A,01,,12,D,,,,,C,Y,N,A,2,0,0,0,21453.0,2,38.646648406982415,-121.06829071044922,4
2020,2020-12-18,930,12,4,9,5,N,A,N,C,H,A,A,07,W,08,E,,,,,I,Y,N,D,0,0,0,0,22107.0,1,38.897754669189446,-120.62201690673828,1
2020,2020-12-18,1705,12,4,17,5,N,A,Y,A,H,C,N,60,N,11,G,Y,,,,B,N,N,D,0,0,0,0,21954.0,2,38.71036148071289,-120.83728790283205,1
2020,2020-07-28,1806,7,2,18,2,Y,A,Y,A,H,A,A,01,,01,D,,Y,,,G,N,N,A,1,0,1,0,23152.0,2,38.9504508972168,-119.95337677001952,4
2020,2020-07-07,1624,7,2,16,2,N,A,Y,A,H,A,A,01,E,09,B,,,,,C,Y,N,D,1,0,0,0,21801.0,2,38.89844131469727,-119.99912261962892,4
2020,2020-07-21,906,7,2,9,2,N,A,N,A,H,A,A,01,E,10,G,Y,,,,B,,N,A,1,1,0,0,21950.0,2,38.907180786132805,-120.0127182006836,3
2020,2020-09-08,1126,9,3,11,2,N,A,N,A,H,A,L,04,E,06,B,,Y,,,G,N,N,D,1,0,1,0,21755.0,2,38.72900772094727,-120.80109405517578,4
2020,2020-10-14,210,10,3,2,3,Y,A,N,A,H,C,A,01,,00,A,,,,,I,Y,N,D,1,0,0,0,23153.0,2,38.72697067260742,-120.83695220947266,2
2020,2020-10-17,1427,10,3,14,6,Y,A,N,A,H,A,A,07,,05,E,,,,,A,Y,N,D,1,0,0,0,21650.0,1,38.7274284362793,-120.7951202392578,3
2020,2020-09-30,1204,9,3,12,3,N,A,N,A,H,A,L,04,W,09,D,,Y,,,C,N,N,D,1,0,1,0,21801.0,2,38.72958755493164,-120.83087921142578,3
2020,2020-11-07,445,11,3,4,6,Y,A,Y,A,H,D,A,01,,05,E,,,,,I,Y,N,D,1,0,0,0,21650.0,1,38.72946548461913,-120.81069183349608,4
2020,2020-10-19,1616,10,3,16,1,N,A,N,A,H,A,I,12,S,01,E,,,,,I,Y,N,D,1,0,0,0,23152.0,1,38.71877670288086,-120.77262115478516,3
2020,2020-11-20,1545,11,3,15,5,N,A,N,A,H,A,A,01,N,01,A,,,,,C,Y,F,D,1,0,0,0,23152.0,2,38.73379135131836,-120.82994079589844,4
2020,2020-11-05,1746,11,3,17,4,Y,A,N,A,H,D,A,01,,08,D,,,,,C,Y,F,A,1,0,0,0,22107.0,2,38.73078918457031,-120.75975036621094,4
2020,2020-11-12,1506,11,3,15,4,Y,A,N,A,H,A,A,07,,05,E,,,,,A,Y,N,D,2,0,0,0,21650.0,1,38.73078918457031,-120.79412078857422,3
2020,2020-08-12,2257,8,2,22,3,N,A,N,A,H,D,A,01,N,13,H,,,,,J,Y,N,D,0,0,0,0,22515.0,1,,,1
2020,2020-12-21,1735,12,4,17,1,N,A,N,A,H,C,A,07,S,00,G,Y,,,,B,N,N,D,1,1,0,0,29150.0,2,38.73019027709961,-120.79103088378906,4